fixture_id;jornada;kickoff;estado;equipo_local;equipo_visitante;mercado;equipo;linea;cuota_over;cuota_under;fuente;margen;detalle
202508157464C66C;1;2025-08-15T17:00:00Z;completed;Girona FC;Rayo Vallecano;Total Fouls;;24,5;1,77;1,89;CONSENSUS_CODERE_STYLE;1,0941;cierre consensus -> mu-0.53, linea centrada, margen 1.0937
202508157464C66C;1;2025-08-15T17:00:00Z;completed;Girona FC;Rayo Vallecano;Team Total Fouls;local;11,5;1,92;1,75;CONSENSUS_CODERE_STYLE;1,0923;cierre consensus -> mu-0.19, linea centrada, margen 1.0942
202508157464C66C;1;2025-08-15T17:00:00Z;completed;Girona FC;Rayo Vallecano;Team Total Fouls;visitante;13,5;1,86;1,79;CONSENSUS_CODERE_STYLE;1,0963;cierre consensus -> mu-0.19, linea centrada, margen 1.0958
202508159C243F57;1;2025-08-15T19:30:00Z;completed;Villarreal CF;Real Oviedo;Total Fouls;;24,5;1,86;1,80;CONSENSUS_CODERE_STYLE;1,0932;cierre consensus -> mu-0.53, linea centrada, margen 1.0937
202508159C243F57;1;2025-08-15T19:30:00Z;completed;Villarreal CF;Real Oviedo;Team Total Fouls;local;11,5;1,83;1,83;CONSENSUS_CODERE_STYLE;1,0929;cierre consensus -> mu-0.19, linea centrada, margen 1.0942
202508159C243F57;1;2025-08-15T19:30:00Z;completed;Villarreal CF;Real Oviedo;Team Total Fouls;visitante;13,5;1,97;1,70;CONSENSUS_CODERE_STYLE;1,0958;cierre consensus -> mu-0.19, linea centrada, margen 1.0958
20250816311336D3;1;2025-08-16T17:30:00Z;completed;Real Club Deportivo Mallorca;FC Barcelona;Total Fouls;;22,5;1,90;1,76;CONSENSUS_CODERE_STYLE;1,0945;cierre consensus -> mu-0.53, linea centrada, margen 1.0937
20250816311336D3;1;2025-08-16T17:30:00Z;completed;Real Club Deportivo Mallorca;FC Barcelona;Team Total Fouls;local;12,5;1,87;1,79;CONSENSUS_CODERE_STYLE;1,0934;cierre consensus -> mu-0.19, linea centrada, margen 1.0942
20250816311336D3;1;2025-08-16T17:30:00Z;completed;Real Club Deportivo Mallorca;FC Barcelona;Team Total Fouls;visitante;10,5;1,81;1,84;CONSENSUS_CODERE_STYLE;1,0960;cierre consensus -> mu-0.19, linea centrada, margen 1.0958
202508160DF050EA;1;2025-08-16T19:30:00Z;completed;Deportivo Alavés;Levante UD;Total Fouls;;27,5;1,88;1,78;CONSENSUS_CODERE_STYLE;1,0937;cierre consensus -> mu-0.53, linea centrada, margen 1.0937
202508160DF050EA;1;2025-08-16T19:30:00Z;completed;Deportivo Alavés;Levante UD;Team Total Fouls;local;14,5;1,94;1,73;CONSENSUS_CODERE_STYLE;1,0935;cierre consensus -> mu-0.19, linea centrada, margen 1.0942
202508160DF050EA;1;2025-08-16T19:30:00Z;completed;Deportivo Alavés;Levante UD;Team Total Fouls;visitante;12,5;1,88;1,77;CONSENSUS_CODERE_STYLE;1,0969;cierre consensus -> mu-0.19, linea centrada, margen 1.0958
20250816C4E80080;1;2025-08-16T19:30:00Z;completed;Valencia CF;Real Sociedad de Fútbol;Total Fouls;;24,5;1,85;1,81;CONSENSUS_CODERE_STYLE;1,0930;cierre consensus -> mu-0.53, linea centrada, margen 1.0937
20250816C4E80080;1;2025-08-16T19:30:00Z;completed;Valencia CF;Real Sociedad de Fútbol;Team Total Fouls;local;11,5;1,85;1,81;CONSENSUS_CODERE_STYLE;1,0930;cierre consensus -> mu-0.19, linea centrada, margen 1.0942
20250816C4E80080;1;2025-08-16T19:30:00Z;completed;Valencia CF;Real Sociedad de Fútbol;Team Total Fouls;visitante;13,5;2,04;1,65;CONSENSUS_CODERE_STYLE;1,0963;cierre consensus -> mu-0.19, linea centrada, margen 1.0958
202508176A015A17;1;2025-08-17T15:00:00Z;completed;Real Club Celta de Vigo;Getafe CF;Total Fouls;;27,5;1,89;1,77;CONSENSUS_CODERE_STYLE;1,0941;cierre consensus -> mu-0.53, linea centrada, margen 1.0937
202508176A015A17;1;2025-08-17T15:00:00Z;completed;Real Club Celta de Vigo;Getafe CF;Team Total Fouls;local;12,5;1,95;1,72;CONSENSUS_CODERE_STYLE;1,0942;cierre consensus -> mu-0.19, linea centrada, margen 1.0942
202508176A015A17;1;2025-08-17T15:00:00Z;completed;Real Club Celta de Vigo;Getafe CF;Team Total Fouls;visitante;15,5;1,94;1,72;CONSENSUS_CODERE_STYLE;1,0969;cierre consensus -> mu-0.19, linea centrada, margen 1.0958
2025081790E77D5A;1;2025-08-17T17:30:00Z;completed;Athletic Club Bilbao;Sevilla FC;Total Fouls;;24,5;1,91;1,75;CONSENSUS_CODERE_STYLE;1,0950;cierre consensus -> mu-0.53, linea centrada, margen 1.0937
2025081790E77D5A;1;2025-08-17T17:30:00Z;completed;Athletic Club Bilbao;Sevilla FC;Team Total Fouls;local;12,5;1,99;1,69;CONSENSUS_CODERE_STYLE;1,0942;cierre consensus -> mu-0.19, linea centrada, margen 1.0942
2025081790E77D5A;1;2025-08-17T17:30:00Z;completed;Athletic Club Bilbao;Sevilla FC;Team Total Fouls;visitante;12,5;1,92;1,74;CONSENSUS_CODERE_STYLE;1,0955;cierre consensus -> mu-0.19, linea centrada, margen 1.0958
2025081730F74E4B;1;2025-08-17T19:30:00Z;completed;Reial Club Deportiu Espanyol;Club Atlético de Madrid;Total Fouls;;23,5;1,76;1,91;CONSENSUS_CODERE_STYLE;1,0917;cierre consensus -> mu-0.53, linea centrada, margen 1.0937
2025081730F74E4B;1;2025-08-17T19:30:00Z;completed;Reial Club Deportiu Espanyol;Club Atlético de Madrid;Team Total Fouls;local;12,5;1,78;1,88;CONSENSUS_CODERE_STYLE;1,0937;cierre consensus -> mu-0.19, linea centrada, margen 1.0942
2025081730F74E4B;1;2025-08-17T19:30:00Z;completed;Reial Club Deportiu Espanyol;Club Atlético de Madrid;Team Total Fouls;visitante;11,5;1,99;1,68;CONSENSUS_CODERE_STYLE;1,0978;cierre consensus -> mu-0.19, linea centrada, margen 1.0958
20250818D22E9164;1;2025-08-18T19:00:00Z;completed;Elche CF;Real Betis Balompié;Total Fouls;;25,5;1,83;1,82;CONSENSUS_CODERE_STYLE;1,0959;cierre consensus -> mu-0.53, linea centrada, margen 1.0937
20250818D22E9164;1;2025-08-18T19:00:00Z;completed;Elche CF;Real Betis Balompié;Team Total Fouls;local;14,5;1,88;1,78;CONSENSUS_CODERE_STYLE;1,0937;cierre consensus -> mu-0.19, linea centrada, margen 1.0942
20250818D22E9164;1;2025-08-18T19:00:00Z;completed;Elche CF;Real Betis Balompié;Team Total Fouls;visitante;11,5;1,89;1,76;CONSENSUS_CODERE_STYLE;1,0973;cierre consensus -> mu-0.19, linea centrada, margen 1.0958
20250819781D784F;1;2025-08-19T19:00:00Z;completed;Real Madrid CF;CA Osasuna;Total Fouls;;23,5;1,91;1,76;CONSENSUS_CODERE_STYLE;1,0917;cierre consensus -> mu-0.53, linea centrada, margen 1.0937
20250819781D784F;1;2025-08-19T19:00:00Z;completed;Real Madrid CF;CA Osasuna;Team Total Fouls;local;8,5;1,82;1,84;CONSENSUS_CODERE_STYLE;1,0929;cierre consensus -> mu-0.19, linea centrada, margen 1.0942
20250819781D784F;1;2025-08-19T19:00:00Z;completed;Real Madrid CF;CA Osasuna;Team Total Fouls;visitante;14,5;1,87;1,78;CONSENSUS_CODERE_STYLE;1,0966;cierre consensus -> mu-0.19, linea centrada, margen 1.0958
20250822873BB34F;2;2025-08-22T19:30:00Z;completed;Real Betis Balompié;Deportivo Alavés;Total Fouls;;23,5;1,74;1,92;CONSENSUS_CODERE_STYLE;1,0955;cierre consensus -> mu-0.53, linea centrada, margen 1.0937
20250822873BB34F;2;2025-08-22T19:30:00Z;completed;Real Betis Balompié;Deportivo Alavés;Team Total Fouls;local;10,5;1,85;1,80;CONSENSUS_CODERE_STYLE;1,0961;cierre consensus -> mu-0.19, linea centrada, margen 1.0942
20250822873BB34F;2;2025-08-22T19:30:00Z;completed;Real Betis Balompié;Deportivo Alavés;Team Total Fouls;visitante;13,5;1,80;1,85;CONSENSUS_CODERE_STYLE;1,0961;cierre consensus -> mu-0.19, linea centrada, margen 1.0958
20250823097DC0E8;2;2025-08-23T15:00:00Z;completed;Real Club Deportivo Mallorca;Real Club Celta de Vigo;Total Fouls;;23,5;1,77;1,90;CONSENSUS_CODERE_STYLE;1,0913;cierre consensus -> mu-0.53, linea centrada, margen 1.0937
20250823097DC0E8;2;2025-08-23T15:00:00Z;completed;Real Club Deportivo Mallorca;Real Club Celta de Vigo;Team Total Fouls;local;11,5;1,87;1,79;CONSENSUS_CODERE_STYLE;1,0934;cierre consensus -> mu-0.19, linea centrada, margen 1.0942
20250823097DC0E8;2;2025-08-23T15:00:00Z;completed;Real Club Deportivo Mallorca;Real Club Celta de Vigo;Team Total Fouls;visitante;12,5;1,90;1,76;CONSENSUS_CODERE_STYLE;1,0945;cierre consensus -> mu-0.19, linea centrada, margen 1.0958
202508236290E529;2;2025-08-23T17:30:00Z;completed;Club Atlético de Madrid;Elche CF;Total Fouls;;23,5;1,88;1,78;CONSENSUS_CODERE_STYLE;1,0937;cierre consensus -> mu-0.53, linea centrada, margen 1.0937
202508236290E529;2;2025-08-23T17:30:00Z;completed;Club Atlético de Madrid;Elche CF;Team Total Fouls;local;11,5;1,89;1,77;CONSENSUS_CODERE_STYLE;1,0941;cierre consensus -> mu-0.19, linea centrada, margen 1.0942
202508236290E529;2;2025-08-23T17:30:00Z;completed;Club Atlético de Madrid;Elche CF;Team Total Fouls;visitante;12,5;1,91;1,74;CONSENSUS_CODERE_STYLE;1,0983;cierre consensus -> mu-0.19, linea centrada, margen 1.0958
202508234FCD1A16;2;2025-08-23T19:30:00Z;completed;Levante UD;FC Barcelona;Total Fouls;;22,5;1,81;1,85;CONSENSUS_CODERE_STYLE;1,0930;cierre consensus -> mu-0.53, linea centrada, margen 1.0937
202508234FCD1A16;2;2025-08-23T19:30:00Z;completed;Levante UD;FC Barcelona;Team Total Fouls;local;12,5;1,85;1,80;CONSENSUS_CODERE_STYLE;1,0961;cierre consensus -> mu-0.19, linea centrada, margen 1.0942
202508234FCD1A16;2;2025-08-23T19:30:00Z;completed;Levante UD;FC Barcelona;Team Total Fouls;visitante;10,5;1,89;1,76;CONSENSUS_CODERE_STYLE;1,0973;cierre consensus -> mu-0.19, linea centrada, margen 1.0958
20250824E6BA223F;2;2025-08-24T15:00:00Z;completed;CA Osasuna;Valencia CF;Total Fouls;;23,5;1,90;1,76;CONSENSUS_CODERE_STYLE;1,0945;cierre consensus -> mu-0.53, linea centrada, margen 1.0937
20250824E6BA223F;2;2025-08-24T15:00:00Z;completed;CA Osasuna;Valencia CF;Team Total Fouls;local;12,5;1,89;1,77;CONSENSUS_CODERE_STYLE;1,0941;cierre consensus -> mu-0.19, linea centrada, margen 1.0942
20250824E6BA223F;2;2025-08-24T15:00:00Z;completed;CA Osasuna;Valencia CF;Team Total Fouls;visitante;10,5;1,95;1,72;CONSENSUS_CODERE_STYLE;1,0942;cierre consensus -> mu-0.19, linea centrada, margen 1.0958
2025082406D68B15;2;2025-08-24T17:30:00Z;completed;Villarreal CF;Girona FC;Total Fouls;;22,5;1,76;1,90;CONSENSUS_CODERE_STYLE;1,0945;cierre consensus -> mu-0.53, linea centrada, margen 1.0937
2025082406D68B15;2;2025-08-24T17:30:00Z;completed;Villarreal CF;Girona FC;Team Total Fouls;local;11,5;1,92;1,75;CONSENSUS_CODERE_STYLE;1,0923;cierre consensus -> mu-0.19, linea centrada, margen 1.0942
2025082406D68B15;2;2025-08-24T17:30:00Z;completed;Villarreal CF;Girona FC;Team Total Fouls;visitante;12,5;1,97;1,70;CONSENSUS_CODERE_STYLE;1,0958;cierre consensus -> mu-0.19, linea centrada, margen 1.0958
20250824F27D6B5D;2;2025-08-24T17:30:00Z;completed;Real Sociedad de Fútbol;Reial Club Deportiu Espanyol;Total Fouls;;25,5;1,78;1,88;CONSENSUS_CODERE_STYLE;1,0937;cierre consensus -> mu-0.53, linea centrada, margen 1.0937
20250824F27D6B5D;2;2025-08-24T17:30:00Z;completed;Real Sociedad de Fútbol;Reial Club Deportiu Espanyol;Team Total Fouls;local;12,5;1,90;1,76;CONSENSUS_CODERE_STYLE;1,0945;cierre consensus -> mu-0.19, linea centrada, margen 1.0942
20250824F27D6B5D;2;2025-08-24T17:30:00Z;completed;Real Sociedad de Fútbol;Reial Club Deportiu Espanyol;Team Total Fouls;visitante;13,5;1,89;1,76;CONSENSUS_CODERE_STYLE;1,0973;cierre consensus -> mu-0.19, linea centrada, margen 1.0958
202508247D9655E8;2;2025-08-24T19:30:00Z;completed;Real Oviedo;Real Madrid CF;Total Fouls;;21,5;1,91;1,76;CONSENSUS_CODERE_STYLE;1,0917;cierre consensus -> mu-0.53, linea centrada, margen 1.0937
202508247D9655E8;2;2025-08-24T19:30:00Z;completed;Real Oviedo;Real Madrid CF;Team Total Fouls;local;13,5;1,84;1,82;CONSENSUS_CODERE_STYLE;1,0929;cierre consensus -> mu-0.19, linea centrada, margen 1.0942
202508247D9655E8;2;2025-08-24T19:30:00Z;completed;Real Oviedo;Real Madrid CF;Team Total Fouls;visitante;8,5;1,84;1,81;CONSENSUS_CODERE_STYLE;1,0960;cierre consensus -> mu-0.19, linea centrada, margen 1.0958
20250825E8076181;2;2025-08-25T17:30:00Z;completed;Athletic Club Bilbao;Rayo Vallecano;Total Fouls;;24,5;1,76;1,90;CONSENSUS_CODERE_STYLE;1,0945;cierre consensus -> mu-0.53, linea centrada, margen 1.0937
20250825E8076181;2;2025-08-25T17:30:00Z;completed;Athletic Club Bilbao;Rayo Vallecano;Team Total Fouls;local;12,5;1,83;1,82;CONSENSUS_CODERE_STYLE;1,0959;cierre consensus -> mu-0.19, linea centrada, margen 1.0942
20250825E8076181;2;2025-08-25T17:30:00Z;completed;Athletic Club Bilbao;Rayo Vallecano;Team Total Fouls;visitante;12,5;1,88;1,77;CONSENSUS_CODERE_STYLE;1,0969;cierre consensus -> mu-0.19, linea centrada, margen 1.0958
2025082556C509E7;2;2025-08-25T19:30:00Z;completed;Sevilla FC;Getafe CF;Total Fouls;;27,5;1,80;1,86;CONSENSUS_CODERE_STYLE;1,0932;cierre consensus -> mu-0.53, linea centrada, margen 1.0937
2025082556C509E7;2;2025-08-25T19:30:00Z;completed;Sevilla FC;Getafe CF;Team Total Fouls;local;13,5;2,01;1,68;CONSENSUS_CODERE_STYLE;1,0928;cierre consensus -> mu-0.19, linea centrada, margen 1.0942
2025082556C509E7;2;2025-08-25T19:30:00Z;completed;Sevilla FC;Getafe CF;Team Total Fouls;visitante;14,5;1,86;1,79;CONSENSUS_CODERE_STYLE;1,0963;cierre consensus -> mu-0.19, linea centrada, margen 1.0958
20250827B605B644;6;2025-08-27T19:00:00Z;completed;Real Club Celta de Vigo;Real Betis Balompié;Total Fouls;;24,5;1,88;1,78;CONSENSUS_CODERE_STYLE;1,0937;cierre consensus -> mu-0.53, linea centrada, margen 1.0937
20250827B605B644;6;2025-08-27T19:00:00Z;completed;Real Club Celta de Vigo;Real Betis Balompié;Team Total Fouls;local;12,5;1,94;1,73;CONSENSUS_CODERE_STYLE;1,0935;cierre consensus -> mu-0.19, linea centrada, margen 1.0942
20250827B605B644;6;2025-08-27T19:00:00Z;completed;Real Club Celta de Vigo;Real Betis Balompié;Team Total Fouls;visitante;12,5;1,86;1,79;CONSENSUS_CODERE_STYLE;1,0963;cierre consensus -> mu-0.19, linea centrada, margen 1.0958
2025082947B71A6A;3;2025-08-29T17:30:00Z;completed;Elche CF;Levante UD;Total Fouls;;25,5;1,78;1,88;CONSENSUS_CODERE_STYLE;1,0937;cierre consensus -> mu-0.53, linea centrada, margen 1.0937
2025082947B71A6A;3;2025-08-29T17:30:00Z;completed;Elche CF;Levante UD;Team Total Fouls;local;12,5;1,93;1,74;CONSENSUS_CODERE_STYLE;1,0928;cierre consensus -> mu-0.19, linea centrada, margen 1.0942
2025082947B71A6A;3;2025-08-29T17:30:00Z;completed;Elche CF;Levante UD;Team Total Fouls;visitante;13,5;1,84;1,81;CONSENSUS_CODERE_STYLE;1,0960;cierre consensus -> mu-0.19, linea centrada, margen 1.0958
20250829835E455C;3;2025-08-29T19:30:00Z;completed;Valencia CF;Getafe CF;Total Fouls;;29,5;1,75;1,92;CONSENSUS_CODERE_STYLE;1,0923;cierre consensus -> mu-0.53, linea centrada, margen 1.0937
20250829835E455C;3;2025-08-29T19:30:00Z;completed;Valencia CF;Getafe CF;Team Total Fouls;local;13,5;1,96;1,71;CONSENSUS_CODERE_STYLE;1,0950;cierre consensus -> mu-0.19, linea centrada, margen 1.0942
20250829835E455C;3;2025-08-29T19:30:00Z;completed;Valencia CF;Getafe CF;Team Total Fouls;visitante;17,5;1,80;1,85;CONSENSUS_CODERE_STYLE;1,0961;cierre consensus -> mu-0.19, linea centrada, margen 1.0958
20250830E1A964DB;3;2025-08-30T15:00:00Z;completed;Deportivo Alavés;Club Atlético de Madrid;Total Fouls;;25,5;1,74;1,93;CONSENSUS_CODERE_STYLE;1,0928;cierre consensus -> mu-0.53, linea centrada, margen 1.0937
20250830E1A964DB;3;2025-08-30T15:00:00Z;completed;Deportivo Alavés;Club Atlético de Madrid;Team Total Fouls;local;14,5;2,00;1,68;CONSENSUS_CODERE_STYLE;1,0952;cierre consensus -> mu-0.19, linea centrada, margen 1.0942
20250830E1A964DB;3;2025-08-30T15:00:00Z;completed;Deportivo Alavés;Club Atlético de Madrid;Team Total Fouls;visitante;11,5;1,84;1,81;CONSENSUS_CODERE_STYLE;1,0960;cierre consensus -> mu-0.19, linea centrada, margen 1.0958
20250830E506E972;3;2025-08-30T17:00:00Z;completed;Real Oviedo;Real Sociedad de Fútbol;Total Fouls;;23,5;1,79;1,87;CONSENSUS_CODERE_STYLE;1,0934;cierre consensus -> mu-0.53, linea centrada, margen 1.0937
20250830E506E972;3;2025-08-30T17:00:00Z;completed;Real Oviedo;Real Sociedad de Fútbol;Team Total Fouls;local;12,5;2,05;1,65;CONSENSUS_CODERE_STYLE;1,0939;cierre consensus -> mu-0.19, linea centrada, margen 1.0942
20250830E506E972;3;2025-08-30T17:00:00Z;completed;Real Oviedo;Real Sociedad de Fútbol;Team Total Fouls;visitante;12,5;1,86;1,79;CONSENSUS_CODERE_STYLE;1,0963;cierre consensus -> mu-0.19, linea centrada, margen 1.0958
202508305752FA9C;3;2025-08-30T17:30:00Z;completed;Girona FC;Sevilla FC;Total Fouls;;22,5;1,87;1,79;CONSENSUS_CODERE_STYLE;1,0934;cierre consensus -> mu-0.53, linea centrada, margen 1.0937
202508305752FA9C;3;2025-08-30T17:30:00Z;completed;Girona FC;Sevilla FC;Team Total Fouls;local;10,5;2,01;1,67;CONSENSUS_CODERE_STYLE;1,0963;cierre consensus -> mu-0.19, linea centrada, margen 1.0942
202508305752FA9C;3;2025-08-30T17:30:00Z;completed;Girona FC;Sevilla FC;Team Total Fouls;visitante;12,5;1,86;1,79;CONSENSUS_CODERE_STYLE;1,0963;cierre consensus -> mu-0.19, linea centrada, margen 1.0958
20250830DE619E17;3;2025-08-30T19:30:00Z;completed;Real Madrid CF;Real Club Deportivo Mallorca;Total Fouls;;21,5;1,83;1,83;CONSENSUS_CODERE_STYLE;1,0929;cierre consensus -> mu-0.53, linea centrada, margen 1.0937
20250830DE619E17;3;2025-08-30T19:30:00Z;completed;Real Madrid CF;Real Club Deportivo Mallorca;Team Total Fouls;local;9,5;1,99;1,69;CONSENSUS_CODERE_STYLE;1,0942;cierre consensus -> mu-0.19, linea centrada, margen 1.0942
20250830DE619E17;3;2025-08-30T19:30:00Z;completed;Real Madrid CF;Real Club Deportivo Mallorca;Team Total Fouls;visitante;13,5;1,88;1,77;CONSENSUS_CODERE_STYLE;1,0969;cierre consensus -> mu-0.19, linea centrada, margen 1.0958
2025083189E4D15E;3;2025-08-31T15:00:00Z;completed;Real Club Celta de Vigo;Villarreal CF;Total Fouls;;25,5;1,89;1,78;CONSENSUS_CODERE_STYLE;1,0909;cierre consensus -> mu-0.53, linea centrada, margen 1.0937
2025083189E4D15E;3;2025-08-31T15:00:00Z;completed;Real Club Celta de Vigo;Villarreal CF;Team Total Fouls;local;13,5;1,88;1,78;CONSENSUS_CODERE_STYLE;1,0937;cierre consensus -> mu-0.19, linea centrada, margen 1.0942
2025083189E4D15E;3;2025-08-31T15:00:00Z;completed;Real Club Celta de Vigo;Villarreal CF;Team Total Fouls;visitante;12,5;1,89;1,76;CONSENSUS_CODERE_STYLE;1,0973;cierre consensus -> mu-0.19, linea centrada, margen 1.0958
20250831302ECB99;3;2025-08-31T17:00:00Z;completed;Real Betis Balompié;Athletic Club Bilbao;Total Fouls;;25,5;1,89;1,77;CONSENSUS_CODERE_STYLE;1,0941;cierre consensus -> mu-0.53, linea centrada, margen 1.0937
20250831302ECB99;3;2025-08-31T17:00:00Z;completed;Real Betis Balompié;Athletic Club Bilbao;Team Total Fouls;local;11,5;1,92;1,74;CONSENSUS_CODERE_STYLE;1,0955;cierre consensus -> mu-0.19, linea centrada, margen 1.0942
20250831302ECB99;3;2025-08-31T17:00:00Z;completed;Real Betis Balompié;Athletic Club Bilbao;Team Total Fouls;visitante;14,5;1,93;1,73;CONSENSUS_CODERE_STYLE;1,0962;cierre consensus -> mu-0.19, linea centrada, margen 1.0958
2025083125BD139F;3;2025-08-31T17:30:00Z;completed;Reial Club Deportiu Espanyol;CA Osasuna;Total Fouls;;25,5;1,89;1,77;CONSENSUS_CODERE_STYLE;1,0941;cierre consensus -> mu-0.53, linea centrada, margen 1.0937
2025083125BD139F;3;2025-08-31T17:30:00Z;completed;Reial Club Deportiu Espanyol;CA Osasuna;Team Total Fouls;local;12,5;1,96;1,71;CONSENSUS_CODERE_STYLE;1,0950;cierre consensus -> mu-0.19, linea centrada, margen 1.0942
2025083125BD139F;3;2025-08-31T17:30:00Z;completed;Reial Club Deportiu Espanyol;CA Osasuna;Team Total Fouls;visitante;13,5;2,01;1,67;CONSENSUS_CODERE_STYLE;1,0963;cierre consensus -> mu-0.19, linea centrada, margen 1.0958
202508310A0903A3;3;2025-08-31T19:30:00Z;completed;Rayo Vallecano;FC Barcelona;Total Fouls;;24,5;1,89;1,77;CONSENSUS_CODERE_STYLE;1,0941;cierre consensus -> mu-0.53, linea centrada, margen 1.0937
202508310A0903A3;3;2025-08-31T19:30:00Z;completed;Rayo Vallecano;FC Barcelona;Team Total Fouls;local;14,5;1,92;1,74;CONSENSUS_CODERE_STYLE;1,0955;cierre consensus -> mu-0.19, linea centrada, margen 1.0942
202508310A0903A3;3;2025-08-31T19:30:00Z;completed;Rayo Vallecano;FC Barcelona;Team Total Fouls;visitante;10,5;1,79;1,86;CONSENSUS_CODERE_STYLE;1,0963;cierre consensus -> mu-0.19, linea centrada, margen 1.0958
20250912B64340F4;4;2025-09-12T19:00:00Z;completed;Sevilla FC;Elche CF;Total Fouls;;25,5;1,87;1,79;CONSENSUS_CODERE_STYLE;1,0934;cierre consensus -> mu-0.53, linea centrada, margen 1.0937
20250912B64340F4;4;2025-09-12T19:00:00Z;completed;Sevilla FC;Elche CF;Team Total Fouls;local;13,5;1,91;1,75;CONSENSUS_CODERE_STYLE;1,0950;cierre consensus -> mu-0.19, linea centrada, margen 1.0942
20250912B64340F4;4;2025-09-12T19:00:00Z;completed;Sevilla FC;Elche CF;Team Total Fouls;visitante;12,5;1,92;1,74;CONSENSUS_CODERE_STYLE;1,0955;cierre consensus -> mu-0.19, linea centrada, margen 1.0958
202509136D8FB701;4;2025-09-13T12:00:00Z;completed;Getafe CF;Real Oviedo;Total Fouls;;27,5;1,77;1,89;CONSENSUS_CODERE_STYLE;1,0941;cierre consensus -> mu-0.53, linea centrada, margen 1.0937
202509136D8FB701;4;2025-09-13T12:00:00Z;completed;Getafe CF;Real Oviedo;Team Total Fouls;local;14,5;1,85;1,81;CONSENSUS_CODERE_STYLE;1,0930;cierre consensus -> mu-0.19, linea centrada, margen 1.0942
202509136D8FB701;4;2025-09-13T12:00:00Z;completed;Getafe CF;Real Oviedo;Team Total Fouls;visitante;13,5;1,87;1,78;CONSENSUS_CODERE_STYLE;1,0966;cierre consensus -> mu-0.19, linea centrada, margen 1.0958
202509137722D0D0;4;2025-09-13T14:15:00Z;completed;Real Sociedad de Fútbol;Real Madrid CF;Total Fouls;;22,5;1,75;1,91;CONSENSUS_CODERE_STYLE;1,0950;cierre consensus -> mu-0.53, linea centrada, margen 1.0937
202509137722D0D0;4;2025-09-13T14:15:00Z;completed;Real Sociedad de Fútbol;Real Madrid CF;Team Total Fouls;local;14,5;1,96;1,71;CONSENSUS_CODERE_STYLE;1,0950;cierre consensus -> mu-0.19, linea centrada, margen 1.0942
202509137722D0D0;4;2025-09-13T14:15:00Z;completed;Real Sociedad de Fútbol;Real Madrid CF;Team Total Fouls;visitante;9,5;1,94;1,73;CONSENSUS_CODERE_STYLE;1,0935;cierre consensus -> mu-0.19, linea centrada, margen 1.0958
20250913A226B6A3;4;2025-09-13T16:30:00Z;completed;Athletic Club Bilbao;Deportivo Alavés;Total Fouls;;26,5;1,79;1,87;CONSENSUS_CODERE_STYLE;1,0934;cierre consensus -> mu-0.53, linea centrada, margen 1.0937
20250913A226B6A3;4;2025-09-13T16:30:00Z;completed;Athletic Club Bilbao;Deportivo Alavés;Team Total Fouls;local;13,5;1,90;1,76;CONSENSUS_CODERE_STYLE;1,0945;cierre consensus -> mu-0.19, linea centrada, margen 1.0942
20250913A226B6A3;4;2025-09-13T16:30:00Z;completed;Athletic Club Bilbao;Deportivo Alavés;Team Total Fouls;visitante;13,5;1,86;1,79;CONSENSUS_CODERE_STYLE;1,0963;cierre consensus -> mu-0.19, linea centrada, margen 1.0958
20250913248A43D5;4;2025-09-13T19:00:00Z;completed;Club Atlético de Madrid;Villarreal CF;Total Fouls;;22,5;1,77;1,90;CONSENSUS_CODERE_STYLE;1,0913;cierre consensus -> mu-0.53, linea centrada, margen 1.0937
20250913248A43D5;4;2025-09-13T19:00:00Z;completed;Club Atlético de Madrid;Villarreal CF;Team Total Fouls;local;11,5;1,88;1,78;CONSENSUS_CODERE_STYLE;1,0937;cierre consensus -> mu-0.19, linea centrada, margen 1.0942
20250913248A43D5;4;2025-09-13T19:00:00Z;completed;Club Atlético de Madrid;Villarreal CF;Team Total Fouls;visitante;11,5;1,88;1,77;CONSENSUS_CODERE_STYLE;1,0969;cierre consensus -> mu-0.19, linea centrada, margen 1.0958
2025091473A78015;4;2025-09-14T12:00:00Z;completed;Real Club Celta de Vigo;Girona FC;Total Fouls;;24,5;1,93;1,74;CONSENSUS_CODERE_STYLE;1,0928;cierre consensus -> mu-0.53, linea centrada, margen 1.0937
2025091473A78015;4;2025-09-14T12:00:00Z;completed;Real Club Celta de Vigo;Girona FC;Team Total Fouls;local;12,5;1,94;1,73;CONSENSUS_CODERE_STYLE;1,0935;cierre consensus -> mu-0.19, linea centrada, margen 1.0942
2025091473A78015;4;2025-09-14T12:00:00Z;completed;Real Club Celta de Vigo;Girona FC;Team Total Fouls;visitante;11,5;1,89;1,76;CONSENSUS_CODERE_STYLE;1,0973;cierre consensus -> mu-0.19, linea centrada, margen 1.0958
20250913A067AB1B;4;2025-09-14T14:15:00Z;completed;Levante UD;Real Betis Balompié;Total Fouls;;25,5;1,91;1,75;CONSENSUS_CODERE_STYLE;1,0950;cierre consensus -> mu-0.53, linea centrada, margen 1.0937
20250913A067AB1B;4;2025-09-14T14:15:00Z;completed;Levante UD;Real Betis Balompié;Team Total Fouls;local;14,5;1,96;1,71;CONSENSUS_CODERE_STYLE;1,0950;cierre consensus -> mu-0.19, linea centrada, margen 1.0942
20250913A067AB1B;4;2025-09-14T14:15:00Z;completed;Levante UD;Real Betis Balompié;Team Total Fouls;visitante;11,5;2,00;1,68;CONSENSUS_CODERE_STYLE;1,0952;cierre consensus -> mu-0.19, linea centrada, margen 1.0958
2025091463F9E063;4;2025-09-14T16:30:00Z;completed;CA Osasuna;Rayo Vallecano;Total Fouls;;25,5;1,74;1,93;CONSENSUS_CODERE_STYLE;1,0928;cierre consensus -> mu-0.53, linea centrada, margen 1.0937
2025091463F9E063;4;2025-09-14T16:30:00Z;completed;CA Osasuna;Rayo Vallecano;Team Total Fouls;local;13,5;1,93;1,74;CONSENSUS_CODERE_STYLE;1,0928;cierre consensus -> mu-0.19, linea centrada, margen 1.0942
2025091463F9E063;4;2025-09-14T16:30:00Z;completed;CA Osasuna;Rayo Vallecano;Team Total Fouls;visitante;13,5;1,93;1,73;CONSENSUS_CODERE_STYLE;1,0962;cierre consensus -> mu-0.19, linea centrada, margen 1.0958
20250914D154C9FD;4;2025-09-14T19:00:00Z;completed;FC Barcelona;Valencia CF;Total Fouls;;21,5;1,93;1,74;CONSENSUS_CODERE_STYLE;1,0928;cierre consensus -> mu-0.53, linea centrada, margen 1.0937
20250914D154C9FD;4;2025-09-14T19:00:00Z;completed;FC Barcelona;Valencia CF;Team Total Fouls;local;10,5;1,89;1,77;CONSENSUS_CODERE_STYLE;1,0941;cierre consensus -> mu-0.19, linea centrada, margen 1.0942
20250914D154C9FD;4;2025-09-14T19:00:00Z;completed;FC Barcelona;Valencia CF;Team Total Fouls;visitante;11,5;1,96;1,70;CONSENSUS_CODERE_STYLE;1,0984;cierre consensus -> mu-0.19, linea centrada, margen 1.0958
20250915A76E364C;4;2025-09-15T19:00:00Z;completed;Reial Club Deportiu Espanyol;Real Club Deportivo Mallorca;Total Fouls;;26,5;1,75;1,91;CONSENSUS_CODERE_STYLE;1,0950;cierre consensus -> mu-0.53, linea centrada, margen 1.0937
20250915A76E364C;4;2025-09-15T19:00:00Z;completed;Reial Club Deportiu Espanyol;Real Club Deportivo Mallorca;Team Total Fouls;local;14,5;1,91;1,75;CONSENSUS_CODERE_STYLE;1,0950;cierre consensus -> mu-0.19, linea centrada, margen 1.0942
20250915A76E364C;4;2025-09-15T19:00:00Z;completed;Reial Club Deportiu Espanyol;Real Club Deportivo Mallorca;Team Total Fouls;visitante;13,5;1,99;1,69;CONSENSUS_CODERE_STYLE;1,0942;cierre consensus -> mu-0.19, linea centrada, margen 1.0958
20250919002F2AAA;5;2025-09-19T19:00:00Z;completed;Real Betis Balompié;Real Sociedad de Fútbol;Total Fouls;;24,5;1,75;1,92;CONSENSUS_CODERE_STYLE;1,0923;cierre consensus -> mu-0.53, linea centrada, margen 1.0937
20250919002F2AAA;5;2025-09-19T19:00:00Z;completed;Real Betis Balompié;Real Sociedad de Fútbol;Team Total Fouls;local;10,5;1,85;1,81;CONSENSUS_CODERE_STYLE;1,0930;cierre consensus -> mu-0.19, linea centrada, margen 1.0942
20250919002F2AAA;5;2025-09-19T19:00:00Z;completed;Real Betis Balompié;Real Sociedad de Fútbol;Team Total Fouls;visitante;15,5;1,90;1,76;CONSENSUS_CODERE_STYLE;1,0945;cierre consensus -> mu-0.19, linea centrada, margen 1.0958
20250920A80413CB;5;2025-09-20T12:00:00Z;completed;Girona FC;Levante UD;Total Fouls;;23,5;1,80;1,86;CONSENSUS_CODERE_STYLE;1,0932;cierre consensus -> mu-0.53, linea centrada, margen 1.0937
20250920A80413CB;5;2025-09-20T12:00:00Z;completed;Girona FC;Levante UD;Team Total Fouls;local;11,5;1,92;1,74;CONSENSUS_CODERE_STYLE;1,0955;cierre consensus -> mu-0.19, linea centrada, margen 1.0942
20250920A80413CB;5;2025-09-20T12:00:00Z;completed;Girona FC;Levante UD;Team Total Fouls;visitante;13,5;2,01;1,67;CONSENSUS_CODERE_STYLE;1,0963;cierre consensus -> mu-0.19, linea centrada, margen 1.0958
2025092037213D00;5;2025-09-20T14:15:00Z;completed;Real Madrid CF;Reial Club Deportiu Espanyol;Total Fouls;;22,5;1,88;1,78;CONSENSUS_CODERE_STYLE;1,0937;cierre consensus -> mu-0.53, linea centrada, margen 1.0937
2025092037213D00;5;2025-09-20T14:15:00Z;completed;Real Madrid CF;Reial Club Deportiu Espanyol;Team Total Fouls;local;9,5;1,95;1,72;CONSENSUS_CODERE_STYLE;1,0942;cierre consensus -> mu-0.19, linea centrada, margen 1.0942
2025092037213D00;5;2025-09-20T14:15:00Z;completed;Real Madrid CF;Reial Club Deportiu Espanyol;Team Total Fouls;visitante;13,5;1,87;1,78;CONSENSUS_CODERE_STYLE;1,0966;cierre consensus -> mu-0.19, linea centrada, margen 1.0958
202509205D5E712B;5;2025-09-20T16:30:00Z;completed;Villarreal CF;CA Osasuna;Total Fouls;;23,5;1,79;1,87;CONSENSUS_CODERE_STYLE;1,0934;cierre consensus -> mu-0.53, linea centrada, margen 1.0937
202509205D5E712B;5;2025-09-20T16:30:00Z;completed;Villarreal CF;CA Osasuna;Team Total Fouls;local;10,5;1,89;1,77;CONSENSUS_CODERE_STYLE;1,0941;cierre consensus -> mu-0.19, linea centrada, margen 1.0942
202509205D5E712B;5;2025-09-20T16:30:00Z;completed;Villarreal CF;CA Osasuna;Team Total Fouls;visitante;13,5;1,80;1,85;CONSENSUS_CODERE_STYLE;1,0961;cierre consensus -> mu-0.19, linea centrada, margen 1.0958
20250920ADD8173E;5;2025-09-20T16:30:00Z;completed;Deportivo Alavés;Sevilla FC;Total Fouls;;26,5;1,76;1,90;CONSENSUS_CODERE_STYLE;1,0945;cierre consensus -> mu-0.53, linea centrada, margen 1.0937
20250920ADD8173E;5;2025-09-20T16:30:00Z;completed;Deportivo Alavés;Sevilla FC;Team Total Fouls;local;14,5;1,87;1,79;CONSENSUS_CODERE_STYLE;1,0934;cierre consensus -> mu-0.19, linea centrada, margen 1.0942
20250920ADD8173E;5;2025-09-20T16:30:00Z;completed;Deportivo Alavés;Sevilla FC;Team Total Fouls;visitante;13,5;1,84;1,81;CONSENSUS_CODERE_STYLE;1,0960;cierre consensus -> mu-0.19, linea centrada, margen 1.0958
20250920B8C62CF8;5;2025-09-20T19:00:00Z;completed;Valencia CF;Athletic Club Bilbao;Total Fouls;;23,5;1,76;1,90;CONSENSUS_CODERE_STYLE;1,0945;cierre consensus -> mu-0.53, linea centrada, margen 1.0937
20250920B8C62CF8;5;2025-09-20T19:00:00Z;completed;Valencia CF;Athletic Club Bilbao;Team Total Fouls;local;11,5;1,94;1,73;CONSENSUS_CODERE_STYLE;1,0935;cierre consensus -> mu-0.19, linea centrada, margen 1.0942
20250920B8C62CF8;5;2025-09-20T19:00:00Z;completed;Valencia CF;Athletic Club Bilbao;Team Total Fouls;visitante;12,5;1,87;1,78;CONSENSUS_CODERE_STYLE;1,0966;cierre consensus -> mu-0.19, linea centrada, margen 1.0958
20250921DC77174B;5;2025-09-21T12:00:00Z;completed;Rayo Vallecano;Real Club Celta de Vigo;Total Fouls;;24,5;1,87;1,79;CONSENSUS_CODERE_STYLE;1,0934;cierre consensus -> mu-0.53, linea centrada, margen 1.0937
20250921DC77174B;5;2025-09-21T12:00:00Z;completed;Rayo Vallecano;Real Club Celta de Vigo;Team Total Fouls;local;13,5;1,87;1,79;CONSENSUS_CODERE_STYLE;1,0934;cierre consensus -> mu-0.19, linea centrada, margen 1.0942
20250921DC77174B;5;2025-09-21T12:00:00Z;completed;Rayo Vallecano;Real Club Celta de Vigo;Team Total Fouls;visitante;11,5;1,88;1,78;CONSENSUS_CODERE_STYLE;1,0937;cierre consensus -> mu-0.19, linea centrada, margen 1.0958
202509218F67BC52;5;2025-09-21T14:15:00Z;completed;Real Club Deportivo Mallorca;Club Atlético de Madrid;Total Fouls;;23,5;1,86;1,79;CONSENSUS_CODERE_STYLE;1,0963;cierre consensus -> mu-0.53, linea centrada, margen 1.0937
202509218F67BC52;5;2025-09-21T14:15:00Z;completed;Real Club Deportivo Mallorca;Club Atlético de Madrid;Team Total Fouls;local;11,5;1,87;1,79;CONSENSUS_CODERE_STYLE;1,0934;cierre consensus -> mu-0.19, linea centrada, margen 1.0942
202509218F67BC52;5;2025-09-21T14:15:00Z;completed;Real Club Deportivo Mallorca;Club Atlético de Madrid;Team Total Fouls;visitante;11,5;1,82;1,83;CONSENSUS_CODERE_STYLE;1,0959;cierre consensus -> mu-0.19, linea centrada, margen 1.0958
20250921247E5A18;5;2025-09-21T16:30:00Z;completed;Elche CF;Real Oviedo;Total Fouls;;26,5;1,86;1,79;CONSENSUS_CODERE_STYLE;1,0963;cierre consensus -> mu-0.53, linea centrada, margen 1.0937
20250921247E5A18;5;2025-09-21T16:30:00Z;completed;Elche CF;Real Oviedo;Team Total Fouls;local;12,5;1,88;1,78;CONSENSUS_CODERE_STYLE;1,0937;cierre consensus -> mu-0.19, linea centrada, margen 1.0942
20250921247E5A18;5;2025-09-21T16:30:00Z;completed;Elche CF;Real Oviedo;Team Total Fouls;visitante;14,5;1,96;1,71;CONSENSUS_CODERE_STYLE;1,0950;cierre consensus -> mu-0.19, linea centrada, margen 1.0958
20250921DE90566F;5;2025-09-21T19:00:00Z;completed;FC Barcelona;Getafe CF;Total Fouls;;22,5;1,91;1,75;CONSENSUS_CODERE_STYLE;1,0950;cierre consensus -> mu-0.53, linea centrada, margen 1.0937
20250921DE90566F;5;2025-09-21T19:00:00Z;completed;FC Barcelona;Getafe CF;Team Total Fouls;local;9,5;1,89;1,77;CONSENSUS_CODERE_STYLE;1,0941;cierre consensus -> mu-0.19, linea centrada, margen 1.0942
20250921DE90566F;5;2025-09-21T19:00:00Z;completed;FC Barcelona;Getafe CF;Team Total Fouls;visitante;14,5;1,94;1,72;CONSENSUS_CODERE_STYLE;1,0969;cierre consensus -> mu-0.19, linea centrada, margen 1.0958
2025092308C89977;6;2025-09-23T17:00:00Z;completed;Reial Club Deportiu Espanyol;Valencia CF;Total Fouls;;24,5;1,75;1,92;CONSENSUS_CODERE_STYLE;1,0923;cierre consensus -> mu-0.53, linea centrada, margen 1.0937
2025092308C89977;6;2025-09-23T17:00:00Z;completed;Reial Club Deportiu Espanyol;Valencia CF;Team Total Fouls;local;13,5;1,94;1,73;CONSENSUS_CODERE_STYLE;1,0935;cierre consensus -> mu-0.19, linea centrada, margen 1.0942
2025092308C89977;6;2025-09-23T17:00:00Z;completed;Reial Club Deportiu Espanyol;Valencia CF;Team Total Fouls;visitante;12,5;1,87;1,78;CONSENSUS_CODERE_STYLE;1,0966;cierre consensus -> mu-0.19, linea centrada, margen 1.0958
20250923AF205FAE;6;2025-09-23T17:00:00Z;completed;Athletic Club Bilbao;Girona FC;Total Fouls;;23,5;1,76;1,91;CONSENSUS_CODERE_STYLE;1,0917;cierre consensus -> mu-0.53, linea centrada, margen 1.0937
20250923AF205FAE;6;2025-09-23T17:00:00Z;completed;Athletic Club Bilbao;Girona FC;Team Total Fouls;local;12,5;1,96;1,71;CONSENSUS_CODERE_STYLE;1,0950;cierre consensus -> mu-0.19, linea centrada, margen 1.0942
20250923AF205FAE;6;2025-09-23T17:00:00Z;completed;Athletic Club Bilbao;Girona FC;Team Total Fouls;visitante;11,5;1,87;1,78;CONSENSUS_CODERE_STYLE;1,0966;cierre consensus -> mu-0.19, linea centrada, margen 1.0958
20250923B0A8B80C;6;2025-09-23T19:30:00Z;completed;Sevilla FC;Villarreal CF;Total Fouls;;22,5;1,77;1,89;CONSENSUS_CODERE_STYLE;1,0941;cierre consensus -> mu-0.53, linea centrada, margen 1.0937
20250923B0A8B80C;6;2025-09-23T19:30:00Z;completed;Sevilla FC;Villarreal CF;Team Total Fouls;local;12,5;1,79;1,86;CONSENSUS_CODERE_STYLE;1,0963;cierre consensus -> mu-0.19, linea centrada, margen 1.0942
20250923B0A8B80C;6;2025-09-23T19:30:00Z;completed;Sevilla FC;Villarreal CF;Team Total Fouls;visitante;10,5;1,90;1,76;CONSENSUS_CODERE_STYLE;1,0945;cierre consensus -> mu-0.19, linea centrada, margen 1.0958
20250923CE7F6B15;6;2025-09-23T19:30:00Z;completed;Levante UD;Real Madrid CF;Total Fouls;;21,5;1,80;1,85;CONSENSUS_CODERE_STYLE;1,0961;cierre consensus -> mu-0.53, linea centrada, margen 1.0937
20250923CE7F6B15;6;2025-09-23T19:30:00Z;completed;Levante UD;Real Madrid CF;Team Total Fouls;local;14,5;1,93;1,74;CONSENSUS_CODERE_STYLE;1,0928;cierre consensus -> mu-0.19, linea centrada, margen 1.0942
20250923CE7F6B15;6;2025-09-23T19:30:00Z;completed;Levante UD;Real Madrid CF;Team Total Fouls;visitante;9,5;1,83;1,82;CONSENSUS_CODERE_STYLE;1,0959;cierre consensus -> mu-0.19, linea centrada, margen 1.0958
2025092457F6DA94;6;2025-09-24T17:00:00Z;completed;Getafe CF;Deportivo Alavés;Total Fouls;;30,5;1,91;1,76;CONSENSUS_CODERE_STYLE;1,0917;cierre consensus -> mu-0.53, linea centrada, margen 1.0937
2025092457F6DA94;6;2025-09-24T17:00:00Z;completed;Getafe CF;Deportivo Alavés;Team Total Fouls;local;15,5;1,85;1,80;CONSENSUS_CODERE_STYLE;1,0961;cierre consensus -> mu-0.19, linea centrada, margen 1.0942
2025092457F6DA94;6;2025-09-24T17:00:00Z;completed;Getafe CF;Deportivo Alavés;Team Total Fouls;visitante;15,5;1,90;1,75;CONSENSUS_CODERE_STYLE;1,0977;cierre consensus -> mu-0.19, linea centrada, margen 1.0958
2025092416C08D3E;6;2025-09-24T19:30:00Z;completed;Club Atlético de Madrid;Rayo Vallecano;Total Fouls;;24,5;1,87;1,79;CONSENSUS_CODERE_STYLE;1,0934;cierre consensus -> mu-0.53, linea centrada, margen 1.0937
2025092416C08D3E;6;2025-09-24T19:30:00Z;completed;Club Atlético de Madrid;Rayo Vallecano;Team Total Fouls;local;10,5;1,93;1,73;CONSENSUS_CODERE_STYLE;1,0962;cierre consensus -> mu-0.19, linea centrada, margen 1.0942
2025092416C08D3E;6;2025-09-24T19:30:00Z;completed;Club Atlético de Madrid;Rayo Vallecano;Team Total Fouls;visitante;13,5;1,92;1,74;CONSENSUS_CODERE_STYLE;1,0955;cierre consensus -> mu-0.19, linea centrada, margen 1.0958
202509247D7C3663;6;2025-09-24T19:30:00Z;completed;Real Sociedad de Fútbol;Real Club Deportivo Mallorca;Total Fouls;;26,5;1,87;1,79;CONSENSUS_CODERE_STYLE;1,0934;cierre consensus -> mu-0.53, linea centrada, margen 1.0937
202509247D7C3663;6;2025-09-24T19:30:00Z;completed;Real Sociedad de Fútbol;Real Club Deportivo Mallorca;Team Total Fouls;local;14,5;1,89;1,77;CONSENSUS_CODERE_STYLE;1,0941;cierre consensus -> mu-0.19, linea centrada, margen 1.0942
202509247D7C3663;6;2025-09-24T19:30:00Z;completed;Real Sociedad de Fútbol;Real Club Deportivo Mallorca;Team Total Fouls;visitante;12,5;1,76;1,89;CONSENSUS_CODERE_STYLE;1,0973;cierre consensus -> mu-0.19, linea centrada, margen 1.0958
202509252E87A43F;6;2025-09-25T17:30:00Z;completed;CA Osasuna;Elche CF;Total Fouls;;25,5;1,76;1,91;CONSENSUS_CODERE_STYLE;1,0917;cierre consensus -> mu-0.53, linea centrada, margen 1.0937
202509252E87A43F;6;2025-09-25T17:30:00Z;completed;CA Osasuna;Elche CF;Team Total Fouls;local;13,5;1,88;1,78;CONSENSUS_CODERE_STYLE;1,0937;cierre consensus -> mu-0.19, linea centrada, margen 1.0942
202509252E87A43F;6;2025-09-25T17:30:00Z;completed;CA Osasuna;Elche CF;Team Total Fouls;visitante;11,5;1,86;1,79;CONSENSUS_CODERE_STYLE;1,0963;cierre consensus -> mu-0.19, linea centrada, margen 1.0958
202509251543837D;6;2025-09-25T19:30:00Z;completed;Real Oviedo;FC Barcelona;Total Fouls;;19,5;1,75;1,91;CONSENSUS_CODERE_STYLE;1,0950;cierre consensus -> mu-0.53, linea centrada, margen 1.0937
202509251543837D;6;2025-09-25T19:30:00Z;completed;Real Oviedo;FC Barcelona;Team Total Fouls;local;11,5;1,85;1,80;CONSENSUS_CODERE_STYLE;1,0961;cierre consensus -> mu-0.19, linea centrada, margen 1.0942
202509251543837D;6;2025-09-25T19:30:00Z;completed;Real Oviedo;FC Barcelona;Team Total Fouls;visitante;9,5;1,90;1,76;CONSENSUS_CODERE_STYLE;1,0945;cierre consensus -> mu-0.19, linea centrada, margen 1.0958
2025092644639B39;7;2025-09-26T19:00:00Z;completed;Girona FC;Reial Club Deportiu Espanyol;Total Fouls;;24,5;1,82;1,84;CONSENSUS_CODERE_STYLE;1,0929;cierre consensus -> mu-0.53, linea centrada, margen 1.0937
2025092644639B39;7;2025-09-26T19:00:00Z;completed;Girona FC;Reial Club Deportiu Espanyol;Team Total Fouls;local;11,5;1,87;1,79;CONSENSUS_CODERE_STYLE;1,0934;cierre consensus -> mu-0.19, linea centrada, margen 1.0942
2025092644639B39;7;2025-09-26T19:00:00Z;completed;Girona FC;Reial Club Deportiu Espanyol;Team Total Fouls;visitante;13,5;1,99;1,68;CONSENSUS_CODERE_STYLE;1,0978;cierre consensus -> mu-0.19, linea centrada, margen 1.0958
20250927A0BD03B8;7;2025-09-27T12:00:00Z;completed;Getafe CF;Levante UD;Total Fouls;;28,5;1,76;1,90;CONSENSUS_CODERE_STYLE;1,0945;cierre consensus -> mu-0.53, linea centrada, margen 1.0937
20250927A0BD03B8;7;2025-09-27T12:00:00Z;completed;Getafe CF;Levante UD;Team Total Fouls;local;14,5;1,91;1,75;CONSENSUS_CODERE_STYLE;1,0950;cierre consensus -> mu-0.19, linea centrada, margen 1.0942
20250927A0BD03B8;7;2025-09-27T12:00:00Z;completed;Getafe CF;Levante UD;Team Total Fouls;visitante;14,5;2,00;1,68;CONSENSUS_CODERE_STYLE;1,0952;cierre consensus -> mu-0.19, linea centrada, margen 1.0958
20250927739CBE4D;7;2025-09-27T14:15:00Z;completed;Club Atlético de Madrid;Real Madrid CF;Total Fouls;;24,5;1,76;1,91;CONSENSUS_CODERE_STYLE;1,0917;cierre consensus -> mu-0.53, linea centrada, margen 1.0937
20250927739CBE4D;7;2025-09-27T14:15:00Z;completed;Club Atlético de Madrid;Real Madrid CF;Team Total Fouls;local;14,5;1,94;1,72;CONSENSUS_CODERE_STYLE;1,0969;cierre consensus -> mu-0.19, linea centrada, margen 1.0942
20250927739CBE4D;7;2025-09-27T14:15:00Z;completed;Club Atlético de Madrid;Real Madrid CF;Team Total Fouls;visitante;11,5;1,92;1,74;CONSENSUS_CODERE_STYLE;1,0955;cierre consensus -> mu-0.19, linea centrada, margen 1.0958
20250927F6CA773E;7;2025-09-27T16:30:00Z;completed;Real Club Deportivo Mallorca;Deportivo Alavés;Total Fouls;;27,5;1,76;1,91;CONSENSUS_CODERE_STYLE;1,0917;cierre consensus -> mu-0.53, linea centrada, margen 1.0937
20250927F6CA773E;7;2025-09-27T16:30:00Z;completed;Real Club Deportivo Mallorca;Deportivo Alavés;Team Total Fouls;local;13,5;2,00;1,69;CONSENSUS_CODERE_STYLE;1,0917;cierre consensus -> mu-0.19, linea centrada, margen 1.0942
20250927F6CA773E;7;2025-09-27T16:30:00Z;completed;Real Club Deportivo Mallorca;Deportivo Alavés;Team Total Fouls;visitante;15,5;1,82;1,83;CONSENSUS_CODERE_STYLE;1,0959;cierre consensus -> mu-0.19, linea centrada, margen 1.0958
20250927F9F92964;7;2025-09-27T19:00:00Z;completed;Villarreal CF;Athletic Club Bilbao;Total Fouls;;24,5;1,79;1,87;CONSENSUS_CODERE_STYLE;1,0934;cierre consensus -> mu-0.53, linea centrada, margen 1.0937
20250927F9F92964;7;2025-09-27T19:00:00Z;completed;Villarreal CF;Athletic Club Bilbao;Team Total Fouls;local;11,5;1,88;1,78;CONSENSUS_CODERE_STYLE;1,0937;cierre consensus -> mu-0.19, linea centrada, margen 1.0942
20250927F9F92964;7;2025-09-27T19:00:00Z;completed;Villarreal CF;Athletic Club Bilbao;Team Total Fouls;visitante;13,5;1,88;1,77;CONSENSUS_CODERE_STYLE;1,0969;cierre consensus -> mu-0.19, linea centrada, margen 1.0958
202509283BE363E8;7;2025-09-28T12:00:00Z;completed;Rayo Vallecano;Sevilla FC;Total Fouls;;24,5;1,74;1,92;CONSENSUS_CODERE_STYLE;1,0955;cierre consensus -> mu-0.53, linea centrada, margen 1.0937
202509283BE363E8;7;2025-09-28T12:00:00Z;completed;Rayo Vallecano;Sevilla FC;Team Total Fouls;local;11,5;1,77;1,89;CONSENSUS_CODERE_STYLE;1,0941;cierre consensus -> mu-0.19, linea centrada, margen 1.0942
202509283BE363E8;7;2025-09-28T12:00:00Z;completed;Rayo Vallecano;Sevilla FC;Team Total Fouls;visitante;13,5;1,89;1,77;CONSENSUS_CODERE_STYLE;1,0941;cierre consensus -> mu-0.19, linea centrada, margen 1.0958
20250928FCB42830;7;2025-09-28T14:15:00Z;completed;Elche CF;Real Club Celta de Vigo;Total Fouls;;25,5;1,75;1,92;CONSENSUS_CODERE_STYLE;1,0923;cierre consensus -> mu-0.53, linea centrada, margen 1.0937
20250928FCB42830;7;2025-09-28T14:15:00Z;completed;Elche CF;Real Club Celta de Vigo;Team Total Fouls;local;12,5;1,88;1,77;CONSENSUS_CODERE_STYLE;1,0969;cierre consensus -> mu-0.19, linea centrada, margen 1.0942
20250928FCB42830;7;2025-09-28T14:15:00Z;completed;Elche CF;Real Club Celta de Vigo;Team Total Fouls;visitante;13,5;1,95;1,71;CONSENSUS_CODERE_STYLE;1,0976;cierre consensus -> mu-0.19, linea centrada, margen 1.0958
20250928FBA91733;7;2025-09-28T16:30:00Z;completed;FC Barcelona;Real Sociedad de Fútbol;Total Fouls;;23,5;1,78;1,88;CONSENSUS_CODERE_STYLE;1,0937;cierre consensus -> mu-0.53, linea centrada, margen 1.0937
20250928FBA91733;7;2025-09-28T16:30:00Z;completed;FC Barcelona;Real Sociedad de Fútbol;Team Total Fouls;local;10,5;1,93;1,74;CONSENSUS_CODERE_STYLE;1,0928;cierre consensus -> mu-0.19, linea centrada, margen 1.0942
20250928FBA91733;7;2025-09-28T16:30:00Z;completed;FC Barcelona;Real Sociedad de Fútbol;Team Total Fouls;visitante;14,5;1,98;1,70;CONSENSUS_CODERE_STYLE;1,0933;cierre consensus -> mu-0.19, linea centrada, margen 1.0958
202509283A93021C;7;2025-09-28T19:00:00Z;completed;Real Betis Balompié;CA Osasuna;Total Fouls;;24,5;1,85;1,81;CONSENSUS_CODERE_STYLE;1,0930;cierre consensus -> mu-0.53, linea centrada, margen 1.0937
202509283A93021C;7;2025-09-28T19:00:00Z;completed;Real Betis Balompié;CA Osasuna;Team Total Fouls;local;10,5;1,90;1,77;CONSENSUS_CODERE_STYLE;1,0913;cierre consensus -> mu-0.19, linea centrada, margen 1.0942
202509283A93021C;7;2025-09-28T19:00:00Z;completed;Real Betis Balompié;CA Osasuna;Team Total Fouls;visitante;14,5;1,81;1,84;CONSENSUS_CODERE_STYLE;1,0960;cierre consensus -> mu-0.19, linea centrada, margen 1.0958
202509291769EF9C;7;2025-09-30T18:00:00Z;completed;Valencia CF;Real Oviedo;Total Fouls;;22,5;1,92;1,74;CONSENSUS_CODERE_STYLE;1,0955;cierre consensus -> mu-0.53, linea centrada, margen 1.0937
202509291769EF9C;7;2025-09-30T18:00:00Z;completed;Valencia CF;Real Oviedo;Team Total Fouls;local;10,5;1,92;1,74;CONSENSUS_CODERE_STYLE;1,0955;cierre consensus -> mu-0.19, linea centrada, margen 1.0942
202509291769EF9C;7;2025-09-30T18:00:00Z;completed;Valencia CF;Real Oviedo;Team Total Fouls;visitante;12,5;1,87;1,79;CONSENSUS_CODERE_STYLE;1,0934;cierre consensus -> mu-0.19, linea centrada, margen 1.0958
2025100320181B86;8;2025-10-03T19:00:00Z;completed;CA Osasuna;Getafe CF;Total Fouls;;28,5;1,83;1,83;CONSENSUS_CODERE_STYLE;1,0929;cierre consensus -> mu-0.53, linea centrada, margen 1.0937
2025100320181B86;8;2025-10-03T19:00:00Z;completed;CA Osasuna;Getafe CF;Team Total Fouls;local;14,5;1,91;1,75;CONSENSUS_CODERE_STYLE;1,0950;cierre consensus -> mu-0.19, linea centrada, margen 1.0942
2025100320181B86;8;2025-10-03T19:00:00Z;completed;CA Osasuna;Getafe CF;Team Total Fouls;visitante;14,5;1,86;1,79;CONSENSUS_CODERE_STYLE;1,0963;cierre consensus -> mu-0.19, linea centrada, margen 1.0958
202510047C6ECB62;8;2025-10-04T12:00:00Z;completed;Real Oviedo;Levante UD;Total Fouls;;24,5;1,75;1,91;CONSENSUS_CODERE_STYLE;1,0950;cierre consensus -> mu-0.53, linea centrada, margen 1.0937
202510047C6ECB62;8;2025-10-04T12:00:00Z;completed;Real Oviedo;Levante UD;Team Total Fouls;local;11,5;1,84;1,82;CONSENSUS_CODERE_STYLE;1,0929;cierre consensus -> mu-0.19, linea centrada, margen 1.0942
202510047C6ECB62;8;2025-10-04T12:00:00Z;completed;Real Oviedo;Levante UD;Team Total Fouls;visitante;14,5;1,86;1,79;CONSENSUS_CODERE_STYLE;1,0963;cierre consensus -> mu-0.19, linea centrada, margen 1.0958
202510048B656584;8;2025-10-04T14:15:00Z;completed;Girona FC;Valencia CF;Total Fouls;;23,5;1,90;1,77;CONSENSUS_CODERE_STYLE;1,0913;cierre consensus -> mu-0.53, linea centrada, margen 1.0937
202510048B656584;8;2025-10-04T14:15:00Z;completed;Girona FC;Valencia CF;Team Total Fouls;local;11,5;1,91;1,75;CONSENSUS_CODERE_STYLE;1,0950;cierre consensus -> mu-0.19, linea centrada, margen 1.0942
202510048B656584;8;2025-10-04T14:15:00Z;completed;Girona FC;Valencia CF;Team Total Fouls;visitante;12,5;1,98;1,69;CONSENSUS_CODERE_STYLE;1,0968;cierre consensus -> mu-0.19, linea centrada, margen 1.0958
20251004C93767C8;8;2025-10-04T16:30:00Z;completed;Athletic Club Bilbao;Real Club Deportivo Mallorca;Total Fouls;;23,5;1,79;1,87;CONSENSUS_CODERE_STYLE;1,0934;cierre consensus -> mu-0.53, linea centrada, margen 1.0937
20251004C93767C8;8;2025-10-04T16:30:00Z;completed;Athletic Club Bilbao;Real Club Deportivo Mallorca;Team Total Fouls;local;11,5;1,81;1,85;CONSENSUS_CODERE_STYLE;1,0930;cierre consensus -> mu-0.19, linea centrada, margen 1.0942
20251004C93767C8;8;2025-10-04T16:30:00Z;completed;Athletic Club Bilbao;Real Club Deportivo Mallorca;Team Total Fouls;visitante;13,5;1,92;1,74;CONSENSUS_CODERE_STYLE;1,0955;cierre consensus -> mu-0.19, linea centrada, margen 1.0958
202510049591C767;8;2025-10-04T19:00:00Z;completed;Real Madrid CF;Villarreal CF;Total Fouls;;21,5;1,77;1,89;CONSENSUS_CODERE_STYLE;1,0941;cierre consensus -> mu-0.53, linea centrada, margen 1.0937
202510049591C767;8;2025-10-04T19:00:00Z;completed;Real Madrid CF;Villarreal CF;Team Total Fouls;local;9,5;1,88;1,78;CONSENSUS_CODERE_STYLE;1,0937;cierre consensus -> mu-0.19, linea centrada, margen 1.0942
202510049591C767;8;2025-10-04T19:00:00Z;completed;Real Madrid CF;Villarreal CF;Team Total Fouls;visitante;12,5;2,01;1,67;CONSENSUS_CODERE_STYLE;1,0963;cierre consensus -> mu-0.19, linea centrada, margen 1.0958
202510058E178A96;8;2025-10-05T12:00:00Z;completed;Deportivo Alavés;Elche CF;Total Fouls;;27,5;1,81;1,85;CONSENSUS_CODERE_STYLE;1,0930;cierre consensus -> mu-0.53, linea centrada, margen 1.0937
202510058E178A96;8;2025-10-05T12:00:00Z;completed;Deportivo Alavés;Elche CF;Team Total Fouls;local;16,5;1,88;1,78;CONSENSUS_CODERE_STYLE;1,0937;cierre consensus -> mu-0.19, linea centrada, margen 1.0942
202510058E178A96;8;2025-10-05T12:00:00Z;completed;Deportivo Alavés;Elche CF;Team Total Fouls;visitante;12,5;1,96;1,71;CONSENSUS_CODERE_STYLE;1,0950;cierre consensus -> mu-0.19, linea centrada, margen 1.0958
20251005583B0B05;8;2025-10-05T14:15:00Z;completed;Sevilla FC;FC Barcelona;Total Fouls;;21,5;1,85;1,81;CONSENSUS_CODERE_STYLE;1,0930;cierre consensus -> mu-0.53, linea centrada, margen 1.0937
20251005583B0B05;8;2025-10-05T14:15:00Z;completed;Sevilla FC;FC Barcelona;Team Total Fouls;local;12,5;1,87;1,79;CONSENSUS_CODERE_STYLE;1,0934;cierre consensus -> mu-0.19, linea centrada, margen 1.0942
20251005583B0B05;8;2025-10-05T14:15:00Z;completed;Sevilla FC;FC Barcelona;Team Total Fouls;visitante;9,5;1,95;1,72;CONSENSUS_CODERE_STYLE;1,0942;cierre consensus -> mu-0.19, linea centrada, margen 1.0958
202510057AB25F35;8;2025-10-05T16:30:00Z;completed;Reial Club Deportiu Espanyol;Real Betis Balompié;Total Fouls;;24,5;1,80;1,86;CONSENSUS_CODERE_STYLE;1,0932;cierre consensus -> mu-0.53, linea centrada, margen 1.0937
202510057AB25F35;8;2025-10-05T16:30:00Z;completed;Reial Club Deportiu Espanyol;Real Betis Balompié;Team Total Fouls;local;14,5;2,01;1,67;CONSENSUS_CODERE_STYLE;1,0963;cierre consensus -> mu-0.19, linea centrada, margen 1.0942
202510057AB25F35;8;2025-10-05T16:30:00Z;completed;Reial Club Deportiu Espanyol;Real Betis Balompié;Team Total Fouls;visitante;10,5;1,93;1,73;CONSENSUS_CODERE_STYLE;1,0962;cierre consensus -> mu-0.19, linea centrada, margen 1.0958
20251005FB475503;8;2025-10-05T16:30:00Z;completed;Real Sociedad de Fútbol;Rayo Vallecano;Total Fouls;;26,5;1,91;1,76;CONSENSUS_CODERE_STYLE;1,0917;cierre consensus -> mu-0.53, linea centrada, margen 1.0937
20251005FB475503;8;2025-10-05T16:30:00Z;completed;Real Sociedad de Fútbol;Rayo Vallecano;Team Total Fouls;local;13,5;1,89;1,77;CONSENSUS_CODERE_STYLE;1,0941;cierre consensus -> mu-0.19, linea centrada, margen 1.0942
20251005FB475503;8;2025-10-05T16:30:00Z;completed;Real Sociedad de Fútbol;Rayo Vallecano;Team Total Fouls;visitante;12,5;1,83;1,82;CONSENSUS_CODERE_STYLE;1,0959;cierre consensus -> mu-0.19, linea centrada, margen 1.0958
20251005823A6A89;8;2025-10-05T19:00:00Z;completed;Real Club Celta de Vigo;Club Atlético de Madrid;Total Fouls;;22,5;1,81;1,85;CONSENSUS_CODERE_STYLE;1,0930;cierre consensus -> mu-0.53, linea centrada, margen 1.0937
20251005823A6A89;8;2025-10-05T19:00:00Z;completed;Real Club Celta de Vigo;Club Atlético de Madrid;Team Total Fouls;local;11,5;1,88;1,78;CONSENSUS_CODERE_STYLE;1,0937;cierre consensus -> mu-0.19, linea centrada, margen 1.0942
20251005823A6A89;8;2025-10-05T19:00:00Z;completed;Real Club Celta de Vigo;Club Atlético de Madrid;Team Total Fouls;visitante;11,5;2,05;1,65;CONSENSUS_CODERE_STYLE;1,0939;cierre consensus -> mu-0.19, linea centrada, margen 1.0958
202510175A216D11;9;2025-10-17T19:00:00Z;completed;Real Oviedo;Reial Club Deportiu Espanyol;Total Fouls;;25,5;1,79;1,87;CONSENSUS_CODERE_STYLE;1,0934;cierre consensus -> mu-0.53, linea centrada, margen 1.0937
202510175A216D11;9;2025-10-17T19:00:00Z;completed;Real Oviedo;Reial Club Deportiu Espanyol;Team Total Fouls;local;12,5;1,89;1,77;CONSENSUS_CODERE_STYLE;1,0941;cierre consensus -> mu-0.19, linea centrada, margen 1.0942
202510175A216D11;9;2025-10-17T19:00:00Z;completed;Real Oviedo;Reial Club Deportiu Espanyol;Team Total Fouls;visitante;13,5;1,85;1,80;CONSENSUS_CODERE_STYLE;1,0961;cierre consensus -> mu-0.19, linea centrada, margen 1.0958
20251018A5978A65;9;2025-10-18T12:00:00Z;completed;Sevilla FC;Real Club Deportivo Mallorca;Total Fouls;;25,5;1,81;1,85;CONSENSUS_CODERE_STYLE;1,0930;cierre consensus -> mu-0.53, linea centrada, margen 1.0937
20251018A5978A65;9;2025-10-18T12:00:00Z;completed;Sevilla FC;Real Club Deportivo Mallorca;Team Total Fouls;local;13,5;1,91;1,75;CONSENSUS_CODERE_STYLE;1,0950;cierre consensus -> mu-0.19, linea centrada, margen 1.0942
20251018A5978A65;9;2025-10-18T12:00:00Z;completed;Sevilla FC;Real Club Deportivo Mallorca;Team Total Fouls;visitante;12,5;1,90;1,75;CONSENSUS_CODERE_STYLE;1,0977;cierre consensus -> mu-0.19, linea centrada, margen 1.0958
202510185BE01CFE;9;2025-10-18T14:15:00Z;completed;FC Barcelona;Girona FC;Total Fouls;;20,5;1,90;1,76;CONSENSUS_CODERE_STYLE;1,0945;cierre consensus -> mu-0.53, linea centrada, margen 1.0937
202510185BE01CFE;9;2025-10-18T14:15:00Z;completed;FC Barcelona;Girona FC;Team Total Fouls;local;10,5;1,97;1,71;CONSENSUS_CODERE_STYLE;1,0924;cierre consensus -> mu-0.19, linea centrada, margen 1.0942
202510185BE01CFE;9;2025-10-18T14:15:00Z;completed;FC Barcelona;Girona FC;Team Total Fouls;visitante;11,5;2,04;1,65;CONSENSUS_CODERE_STYLE;1,0963;cierre consensus -> mu-0.19, linea centrada, margen 1.0958
20251018A0CC56FE;9;2025-10-18T16:30:00Z;completed;Villarreal CF;Real Betis Balompié;Total Fouls;;24,5;1,88;1,78;CONSENSUS_CODERE_STYLE;1,0937;cierre consensus -> mu-0.53, linea centrada, margen 1.0937
20251018A0CC56FE;9;2025-10-18T16:30:00Z;completed;Villarreal CF;Real Betis Balompié;Team Total Fouls;local;13,5;1,99;1,69;CONSENSUS_CODERE_STYLE;1,0942;cierre consensus -> mu-0.19, linea centrada, margen 1.0942
20251018A0CC56FE;9;2025-10-18T16:30:00Z;completed;Villarreal CF;Real Betis Balompié;Team Total Fouls;visitante;11,5;1,87;1,78;CONSENSUS_CODERE_STYLE;1,0966;cierre consensus -> mu-0.19, linea centrada, margen 1.0958
202510182902D2B6;9;2025-10-18T19:00:00Z;completed;Club Atlético de Madrid;CA Osasuna;Total Fouls;;22,5;1,92;1,75;CONSENSUS_CODERE_STYLE;1,0923;cierre consensus -> mu-0.53, linea centrada, margen 1.0937
202510182902D2B6;9;2025-10-18T19:00:00Z;completed;Club Atlético de Madrid;CA Osasuna;Team Total Fouls;local;9,5;1,75;1,91;CONSENSUS_CODERE_STYLE;1,0950;cierre consensus -> mu-0.19, linea centrada, margen 1.0942
202510182902D2B6;9;2025-10-18T19:00:00Z;completed;Club Atlético de Madrid;CA Osasuna;Team Total Fouls;visitante;12,5;1,92;1,74;CONSENSUS_CODERE_STYLE;1,0955;cierre consensus -> mu-0.19, linea centrada, margen 1.0958
20251019D60D09E2;9;2025-10-19T12:00:00Z;completed;Elche CF;Athletic Club Bilbao;Total Fouls;;27,5;1,89;1,78;CONSENSUS_CODERE_STYLE;1,0909;cierre consensus -> mu-0.53, linea centrada, margen 1.0937
20251019D60D09E2;9;2025-10-19T12:00:00Z;completed;Elche CF;Athletic Club Bilbao;Team Total Fouls;local;11,5;1,88;1,78;CONSENSUS_CODERE_STYLE;1,0937;cierre consensus -> mu-0.19, linea centrada, margen 1.0942
20251019D60D09E2;9;2025-10-19T12:00:00Z;completed;Elche CF;Athletic Club Bilbao;Team Total Fouls;visitante;15,5;1,88;1,78;CONSENSUS_CODERE_STYLE;1,0937;cierre consensus -> mu-0.19, linea centrada, margen 1.0958
20251019FDFB4D9A;9;2025-10-19T14:15:00Z;completed;Real Club Celta de Vigo;Real Sociedad de Fútbol;Total Fouls;;25,5;1,89;1,77;CONSENSUS_CODERE_STYLE;1,0941;cierre consensus -> mu-0.53, linea centrada, margen 1.0937
20251019FDFB4D9A;9;2025-10-19T14:15:00Z;completed;Real Club Celta de Vigo;Real Sociedad de Fútbol;Team Total Fouls;local;11,5;1,86;1,80;CONSENSUS_CODERE_STYLE;1,0932;cierre consensus -> mu-0.19, linea centrada, margen 1.0942
20251019FDFB4D9A;9;2025-10-19T14:15:00Z;completed;Real Club Celta de Vigo;Real Sociedad de Fútbol;Team Total Fouls;visitante;13,5;1,82;1,83;CONSENSUS_CODERE_STYLE;1,0959;cierre consensus -> mu-0.19, linea centrada, margen 1.0958
202510193944DD07;9;2025-10-19T16:30:00Z;completed;Levante UD;Rayo Vallecano;Total Fouls;;25,5;1,92;1,74;CONSENSUS_CODERE_STYLE;1,0955;cierre consensus -> mu-0.53, linea centrada, margen 1.0937
202510193944DD07;9;2025-10-19T16:30:00Z;completed;Levante UD;Rayo Vallecano;Team Total Fouls;local;13,5;1,89;1,77;CONSENSUS_CODERE_STYLE;1,0941;cierre consensus -> mu-0.19, linea centrada, margen 1.0942
202510193944DD07;9;2025-10-19T16:30:00Z;completed;Levante UD;Rayo Vallecano;Team Total Fouls;visitante;12,5;2,02;1,66;CONSENSUS_CODERE_STYLE;1,0975;cierre consensus -> mu-0.19, linea centrada, margen 1.0958
20251019D562D104;9;2025-10-19T19:00:00Z;completed;Getafe CF;Real Madrid CF;Total Fouls;;24,5;1,85;1,81;CONSENSUS_CODERE_STYLE;1,0930;cierre consensus -> mu-0.53, linea centrada, margen 1.0937
20251019D562D104;9;2025-10-19T19:00:00Z;completed;Getafe CF;Real Madrid CF;Team Total Fouls;local;15,5;1,96;1,71;CONSENSUS_CODERE_STYLE;1,0950;cierre consensus -> mu-0.19, linea centrada, margen 1.0942
20251019D562D104;9;2025-10-19T19:00:00Z;completed;Getafe CF;Real Madrid CF;Team Total Fouls;visitante;9,5;1,86;1,79;CONSENSUS_CODERE_STYLE;1,0963;cierre consensus -> mu-0.19, linea centrada, margen 1.0958
202510201D09D41B;9;2025-10-20T19:00:00Z;completed;Deportivo Alavés;Valencia CF;Total Fouls;;28,5;1,91;1,75;CONSENSUS_CODERE_STYLE;1,0950;cierre consensus -> mu-0.53, linea centrada, margen 1.0937
202510201D09D41B;9;2025-10-20T19:00:00Z;completed;Deportivo Alavés;Valencia CF;Team Total Fouls;local;15,5;1,89;1,77;CONSENSUS_CODERE_STYLE;1,0941;cierre consensus -> mu-0.19, linea centrada, margen 1.0942
202510201D09D41B;9;2025-10-20T19:00:00Z;completed;Deportivo Alavés;Valencia CF;Team Total Fouls;visitante;12,5;1,93;1,73;CONSENSUS_CODERE_STYLE;1,0962;cierre consensus -> mu-0.19, linea centrada, margen 1.0958
202510247FEDF275;10;2025-10-24T19:00:00Z;completed;Real Sociedad de Fútbol;Sevilla FC;Total Fouls;;27,5;1,89;1,77;CONSENSUS_CODERE_STYLE;1,0941;cierre consensus -> mu-0.53, linea centrada, margen 1.0937
202510247FEDF275;10;2025-10-24T19:00:00Z;completed;Real Sociedad de Fútbol;Sevilla FC;Team Total Fouls;local;13,5;1,90;1,76;CONSENSUS_CODERE_STYLE;1,0945;cierre consensus -> mu-0.19, linea centrada, margen 1.0942
202510247FEDF275;10;2025-10-24T19:00:00Z;completed;Real Sociedad de Fútbol;Sevilla FC;Team Total Fouls;visitante;14,5;1,97;1,70;CONSENSUS_CODERE_STYLE;1,0958;cierre consensus -> mu-0.19, linea centrada, margen 1.0958
2025102559BF8684;10;2025-10-25T12:00:00Z;completed;Girona FC;Real Oviedo;Total Fouls;;22,5;1,83;1,83;CONSENSUS_CODERE_STYLE;1,0929;cierre consensus -> mu-0.53, linea centrada, margen 1.0937
2025102559BF8684;10;2025-10-25T12:00:00Z;completed;Girona FC;Real Oviedo;Team Total Fouls;local;12,5;2,04;1,66;CONSENSUS_CODERE_STYLE;1,0926;cierre consensus -> mu-0.19, linea centrada, margen 1.0942
2025102559BF8684;10;2025-10-25T12:00:00Z;completed;Girona FC;Real Oviedo;Team Total Fouls;visitante;15,5;1,94;1,72;CONSENSUS_CODERE_STYLE;1,0969;cierre consensus -> mu-0.19, linea centrada, margen 1.0958
20251025926A6670;10;2025-10-25T14:15:00Z;completed;Reial Club Deportiu Espanyol;Elche CF;Total Fouls;;26,5;1,92;1,75;CONSENSUS_CODERE_STYLE;1,0923;cierre consensus -> mu-0.53, linea centrada, margen 1.0937
20251025926A6670;10;2025-10-25T14:15:00Z;completed;Reial Club Deportiu Espanyol;Elche CF;Team Total Fouls;local;15,5;1,92;1,74;CONSENSUS_CODERE_STYLE;1,0955;cierre consensus -> mu-0.19, linea centrada, margen 1.0942
20251025926A6670;10;2025-10-25T14:15:00Z;completed;Reial Club Deportiu Espanyol;Elche CF;Team Total Fouls;visitante;11,5;1,74;1,92;CONSENSUS_CODERE_STYLE;1,0955;cierre consensus -> mu-0.19, linea centrada, margen 1.0958
20251025429AE79A;10;2025-10-25T16:30:00Z;completed;Athletic Club Bilbao;Getafe CF;Total Fouls;;29,5;1,86;1,80;CONSENSUS_CODERE_STYLE;1,0932;cierre consensus -> mu-0.53, linea centrada, margen 1.0937
20251025429AE79A;10;2025-10-25T16:30:00Z;completed;Athletic Club Bilbao;Getafe CF;Team Total Fouls;local;14,5;1,96;1,71;CONSENSUS_CODERE_STYLE;1,0950;cierre consensus -> mu-0.19, linea centrada, margen 1.0942
20251025429AE79A;10;2025-10-25T16:30:00Z;completed;Athletic Club Bilbao;Getafe CF;Team Total Fouls;visitante;15,5;1,88;1,77;CONSENSUS_CODERE_STYLE;1,0969;cierre consensus -> mu-0.19, linea centrada, margen 1.0958
2025102562BB7DC7;10;2025-10-25T19:00:00Z;completed;Valencia CF;Villarreal CF;Total Fouls;;24,5;1,74;1,92;CONSENSUS_CODERE_STYLE;1,0955;cierre consensus -> mu-0.53, linea centrada, margen 1.0937
2025102562BB7DC7;10;2025-10-25T19:00:00Z;completed;Valencia CF;Villarreal CF;Team Total Fouls;local;13,5;1,89;1,77;CONSENSUS_CODERE_STYLE;1,0941;cierre consensus -> mu-0.19, linea centrada, margen 1.0942
2025102562BB7DC7;10;2025-10-25T19:00:00Z;completed;Valencia CF;Villarreal CF;Team Total Fouls;visitante;12,5;1,88;1,77;CONSENSUS_CODERE_STYLE;1,0969;cierre consensus -> mu-0.19, linea centrada, margen 1.0958
20251026EAFE73A0;10;2025-10-26T13:00:00Z;completed;Real Club Deportivo Mallorca;Levante UD;Total Fouls;;24,5;1,82;1,84;CONSENSUS_CODERE_STYLE;1,0929;cierre consensus -> mu-0.53, linea centrada, margen 1.0937
20251026EAFE73A0;10;2025-10-26T13:00:00Z;completed;Real Club Deportivo Mallorca;Levante UD;Team Total Fouls;local;14,5;1,92;1,74;CONSENSUS_CODERE_STYLE;1,0955;cierre consensus -> mu-0.19, linea centrada, margen 1.0942
20251026EAFE73A0;10;2025-10-26T13:00:00Z;completed;Real Club Deportivo Mallorca;Levante UD;Team Total Fouls;visitante;12,5;1,97;1,70;CONSENSUS_CODERE_STYLE;1,0958;cierre consensus -> mu-0.19, linea centrada, margen 1.0958
202510268178A8A3;10;2025-10-26T15:15:00Z;completed;Real Madrid CF;FC Barcelona;Total Fouls;;27,5;1,80;1,86;CONSENSUS_CODERE_STYLE;1,0932;cierre consensus -> mu-0.53, linea centrada, margen 1.0937
202510268178A8A3;10;2025-10-26T15:15:00Z;completed;Real Madrid CF;FC Barcelona;Team Total Fouls;local;13,5;1,91;1,76;CONSENSUS_CODERE_STYLE;1,0917;cierre consensus -> mu-0.19, linea centrada, margen 1.0942
202510268178A8A3;10;2025-10-26T15:15:00Z;completed;Real Madrid CF;FC Barcelona;Team Total Fouls;visitante;14,5;1,99;1,69;CONSENSUS_CODERE_STYLE;1,0942;cierre consensus -> mu-0.19, linea centrada, margen 1.0958
2025102664FD8E0F;10;2025-10-26T17:30:00Z;completed;CA Osasuna;Real Club Celta de Vigo;Total Fouls;;23,5;1,79;1,87;CONSENSUS_CODERE_STYLE;1,0934;cierre consensus -> mu-0.53, linea centrada, margen 1.0937
2025102664FD8E0F;10;2025-10-26T17:30:00Z;completed;CA Osasuna;Real Club Celta de Vigo;Team Total Fouls;local;13,5;1,99;1,69;CONSENSUS_CODERE_STYLE;1,0942;cierre consensus -> mu-0.19, linea centrada, margen 1.0942
2025102664FD8E0F;10;2025-10-26T17:30:00Z;completed;CA Osasuna;Real Club Celta de Vigo;Team Total Fouls;visitante;11,5;2,03;1,66;CONSENSUS_CODERE_STYLE;1,0950;cierre consensus -> mu-0.19, linea centrada, margen 1.0958
202510265F5A7F84;10;2025-10-26T20:00:00Z;completed;Rayo Vallecano;Deportivo Alavés;Total Fouls;;27,5;1,77;1,89;CONSENSUS_CODERE_STYLE;1,0941;cierre consensus -> mu-0.53, linea centrada, margen 1.0937
202510265F5A7F84;10;2025-10-26T20:00:00Z;completed;Rayo Vallecano;Deportivo Alavés;Team Total Fouls;local;14,5;2,03;1,66;CONSENSUS_CODERE_STYLE;1,0950;cierre consensus -> mu-0.19, linea centrada, margen 1.0942
202510265F5A7F84;10;2025-10-26T20:00:00Z;completed;Rayo Vallecano;Deportivo Alavés;Team Total Fouls;visitante;14,5;1,93;1,73;CONSENSUS_CODERE_STYLE;1,0962;cierre consensus -> mu-0.19, linea centrada, margen 1.0958
202510270E37D57D;10;2025-10-27T20:00:00Z;completed;Real Betis Balompié;Club Atlético de Madrid;Total Fouls;;24,5;1,84;1,82;CONSENSUS_CODERE_STYLE;1,0929;cierre consensus -> mu-0.53, linea centrada, margen 1.0937
202510270E37D57D;10;2025-10-27T20:00:00Z;completed;Real Betis Balompié;Club Atlético de Madrid;Team Total Fouls;local;11,5;1,90;1,76;CONSENSUS_CODERE_STYLE;1,0945;cierre consensus -> mu-0.19, linea centrada, margen 1.0942
202510270E37D57D;10;2025-10-27T20:00:00Z;completed;Real Betis Balompié;Club Atlético de Madrid;Team Total Fouls;visitante;13,5;1,93;1,73;CONSENSUS_CODERE_STYLE;1,0962;cierre consensus -> mu-0.19, linea centrada, margen 1.0958
20251031F35EBBE1;11;2025-10-31T20:00:00Z;completed;Getafe CF;Girona FC;Total Fouls;;28,5;1,75;1,91;CONSENSUS_CODERE_STYLE;1,0950;cierre consensus -> mu-0.53, linea centrada, margen 1.0937
20251031F35EBBE1;11;2025-10-31T20:00:00Z;completed;Getafe CF;Girona FC;Team Total Fouls;local;16,5;2,01;1,67;CONSENSUS_CODERE_STYLE;1,0963;cierre consensus -> mu-0.19, linea centrada, margen 1.0942
20251031F35EBBE1;11;2025-10-31T20:00:00Z;completed;Getafe CF;Girona FC;Team Total Fouls;visitante;13,5;1,92;1,74;CONSENSUS_CODERE_STYLE;1,0955;cierre consensus -> mu-0.19, linea centrada, margen 1.0958
20251101B1C9C2C3;11;2025-11-01T13:00:00Z;completed;Villarreal CF;Rayo Vallecano;Total Fouls;;26,5;1,86;1,80;CONSENSUS_CODERE_STYLE;1,0932;cierre consensus -> mu-0.53, linea centrada, margen 1.0937
20251101B1C9C2C3;11;2025-11-01T13:00:00Z;completed;Villarreal CF;Rayo Vallecano;Team Total Fouls;local;12,5;2,01;1,68;CONSENSUS_CODERE_STYLE;1,0928;cierre consensus -> mu-0.19, linea centrada, margen 1.0942
20251101B1C9C2C3;11;2025-11-01T13:00:00Z;completed;Villarreal CF;Rayo Vallecano;Team Total Fouls;visitante;13,5;1,77;1,89;CONSENSUS_CODERE_STYLE;1,0941;cierre consensus -> mu-0.19, linea centrada, margen 1.0958
202511012A4D5727;11;2025-11-01T15:15:00Z;completed;Club Atlético de Madrid;Sevilla FC;Total Fouls;;24,5;1,75;1,92;CONSENSUS_CODERE_STYLE;1,0923;cierre consensus -> mu-0.53, linea centrada, margen 1.0937
202511012A4D5727;11;2025-11-01T15:15:00Z;completed;Club Atlético de Madrid;Sevilla FC;Team Total Fouls;local;11,5;1,91;1,76;CONSENSUS_CODERE_STYLE;1,0917;cierre consensus -> mu-0.19, linea centrada, margen 1.0942
202511012A4D5727;11;2025-11-01T15:15:00Z;completed;Club Atlético de Madrid;Sevilla FC;Team Total Fouls;visitante;13,5;2,01;1,67;CONSENSUS_CODERE_STYLE;1,0963;cierre consensus -> mu-0.19, linea centrada, margen 1.0958
2025110149ECE02A;11;2025-11-01T17:30:00Z;completed;Real Sociedad de Fútbol;Athletic Club Bilbao;Total Fouls;;30,5;1,90;1,77;CONSENSUS_CODERE_STYLE;1,0913;cierre consensus -> mu-0.53, linea centrada, margen 1.0937
2025110149ECE02A;11;2025-11-01T17:30:00Z;completed;Real Sociedad de Fútbol;Athletic Club Bilbao;Team Total Fouls;local;15,5;1,93;1,74;CONSENSUS_CODERE_STYLE;1,0928;cierre consensus -> mu-0.19, linea centrada, margen 1.0942
2025110149ECE02A;11;2025-11-01T17:30:00Z;completed;Real Sociedad de Fútbol;Athletic Club Bilbao;Team Total Fouls;visitante;14,5;1,95;1,72;CONSENSUS_CODERE_STYLE;1,0942;cierre consensus -> mu-0.19, linea centrada, margen 1.0958
202511014DAD1081;11;2025-11-01T20:00:00Z;completed;Real Madrid CF;Valencia CF;Total Fouls;;22,5;1,77;1,90;CONSENSUS_CODERE_STYLE;1,0913;cierre consensus -> mu-0.53, linea centrada, margen 1.0937
202511014DAD1081;11;2025-11-01T20:00:00Z;completed;Real Madrid CF;Valencia CF;Team Total Fouls;local;9,5;1,83;1,83;CONSENSUS_CODERE_STYLE;1,0929;cierre consensus -> mu-0.19, linea centrada, margen 1.0942
202511014DAD1081;11;2025-11-01T20:00:00Z;completed;Real Madrid CF;Valencia CF;Team Total Fouls;visitante;13,5;1,91;1,75;CONSENSUS_CODERE_STYLE;1,0950;cierre consensus -> mu-0.19, linea centrada, margen 1.0958
202511026335B11A;11;2025-11-02T13:00:00Z;completed;Levante UD;Real Club Celta de Vigo;Total Fouls;;23,5;1,80;1,86;CONSENSUS_CODERE_STYLE;1,0932;cierre consensus -> mu-0.53, linea centrada, margen 1.0937
202511026335B11A;11;2025-11-02T13:00:00Z;completed;Levante UD;Real Club Celta de Vigo;Team Total Fouls;local;12,5;1,94;1,73;CONSENSUS_CODERE_STYLE;1,0935;cierre consensus -> mu-0.19, linea centrada, margen 1.0942
202511026335B11A;11;2025-11-02T13:00:00Z;completed;Levante UD;Real Club Celta de Vigo;Team Total Fouls;visitante;11,5;1,86;1,79;CONSENSUS_CODERE_STYLE;1,0963;cierre consensus -> mu-0.19, linea centrada, margen 1.0958
20251102FE23D697;11;2025-11-02T15:15:00Z;completed;Deportivo Alavés;Reial Club Deportiu Espanyol;Total Fouls;;26,5;1,76;1,90;CONSENSUS_CODERE_STYLE;1,0945;cierre consensus -> mu-0.53, linea centrada, margen 1.0937
20251102FE23D697;11;2025-11-02T15:15:00Z;completed;Deportivo Alavés;Reial Club Deportiu Espanyol;Team Total Fouls;local;13,5;1,88;1,78;CONSENSUS_CODERE_STYLE;1,0937;cierre consensus -> mu-0.19, linea centrada, margen 1.0942
20251102FE23D697;11;2025-11-02T15:15:00Z;completed;Deportivo Alavés;Reial Club Deportiu Espanyol;Team Total Fouls;visitante;16,5;1,89;1,76;CONSENSUS_CODERE_STYLE;1,0973;cierre consensus -> mu-0.19, linea centrada, margen 1.0958
20251102B752ADF9;11;2025-11-02T17:30:00Z;completed;FC Barcelona;Elche CF;Total Fouls;;23,5;1,91;1,75;CONSENSUS_CODERE_STYLE;1,0950;cierre consensus -> mu-0.53, linea centrada, margen 1.0937
20251102B752ADF9;11;2025-11-02T17:30:00Z;completed;FC Barcelona;Elche CF;Team Total Fouls;local;12,5;2,00;1,68;CONSENSUS_CODERE_STYLE;1,0952;cierre consensus -> mu-0.19, linea centrada, margen 1.0942
20251102B752ADF9;11;2025-11-02T17:30:00Z;completed;FC Barcelona;Elche CF;Team Total Fouls;visitante;11,5;1,88;1,77;CONSENSUS_CODERE_STYLE;1,0969;cierre consensus -> mu-0.19, linea centrada, margen 1.0958
202511029664D5E9;11;2025-11-02T20:00:00Z;completed;Real Betis Balompié;Real Club Deportivo Mallorca;Total Fouls;;23,5;1,77;1,89;CONSENSUS_CODERE_STYLE;1,0941;cierre consensus -> mu-0.53, linea centrada, margen 1.0937
202511029664D5E9;11;2025-11-02T20:00:00Z;completed;Real Betis Balompié;Real Club Deportivo Mallorca;Team Total Fouls;local;10,5;1,87;1,79;CONSENSUS_CODERE_STYLE;1,0934;cierre consensus -> mu-0.19, linea centrada, margen 1.0942
202511029664D5E9;11;2025-11-02T20:00:00Z;completed;Real Betis Balompié;Real Club Deportivo Mallorca;Team Total Fouls;visitante;13,5;1,74;1,92;CONSENSUS_CODERE_STYLE;1,0955;cierre consensus -> mu-0.19, linea centrada, margen 1.0958
20251103234F7FCE;11;2025-11-03T20:00:00Z;completed;Real Oviedo;CA Osasuna;Total Fouls;;23,5;1,80;1,86;CONSENSUS_CODERE_STYLE;1,0932;cierre consensus -> mu-0.53, linea centrada, margen 1.0937
20251103234F7FCE;11;2025-11-03T20:00:00Z;completed;Real Oviedo;CA Osasuna;Team Total Fouls;local;11,5;1,78;1,87;CONSENSUS_CODERE_STYLE;1,0966;cierre consensus -> mu-0.19, linea centrada, margen 1.0942
20251103234F7FCE;11;2025-11-03T20:00:00Z;completed;Real Oviedo;CA Osasuna;Team Total Fouls;visitante;12,5;2,01;1,67;CONSENSUS_CODERE_STYLE;1,0963;cierre consensus -> mu-0.19, linea centrada, margen 1.0958
20251107E27BB87E;12;2025-11-07T20:00:00Z;completed;Elche CF;Real Sociedad de Fútbol;Total Fouls;;28,5;1,86;1,80;CONSENSUS_CODERE_STYLE;1,0932;cierre consensus -> mu-0.53, linea centrada, margen 1.0937
20251107E27BB87E;12;2025-11-07T20:00:00Z;completed;Elche CF;Real Sociedad de Fútbol;Team Total Fouls;local;12,5;1,99;1,69;CONSENSUS_CODERE_STYLE;1,0942;cierre consensus -> mu-0.19, linea centrada, margen 1.0942
20251107E27BB87E;12;2025-11-07T20:00:00Z;completed;Elche CF;Real Sociedad de Fútbol;Team Total Fouls;visitante;17,5;2,01;1,67;CONSENSUS_CODERE_STYLE;1,0963;cierre consensus -> mu-0.19, linea centrada, margen 1.0958
2025110811AE3647;12;2025-11-08T13:00:00Z;completed;Girona FC;Deportivo Alavés;Total Fouls;;27,5;1,87;1,79;CONSENSUS_CODERE_STYLE;1,0934;cierre consensus -> mu-0.53, linea centrada, margen 1.0937
2025110811AE3647;12;2025-11-08T13:00:00Z;completed;Girona FC;Deportivo Alavés;Team Total Fouls;local;11,5;1,83;1,83;CONSENSUS_CODERE_STYLE;1,0929;cierre consensus -> mu-0.19, linea centrada, margen 1.0942
2025110811AE3647;12;2025-11-08T13:00:00Z;completed;Girona FC;Deportivo Alavés;Team Total Fouls;visitante;15,5;1,87;1,78;CONSENSUS_CODERE_STYLE;1,0966;cierre consensus -> mu-0.19, linea centrada, margen 1.0958
202511081888944D;12;2025-11-08T15:15:00Z;completed;Sevilla FC;CA Osasuna;Total Fouls;;24,5;1,75;1,91;CONSENSUS_CODERE_STYLE;1,0950;cierre consensus -> mu-0.53, linea centrada, margen 1.0937
202511081888944D;12;2025-11-08T15:15:00Z;completed;Sevilla FC;CA Osasuna;Team Total Fouls;local;13,5;1,94;1,73;CONSENSUS_CODERE_STYLE;1,0935;cierre consensus -> mu-0.19, linea centrada, margen 1.0942
202511081888944D;12;2025-11-08T15:15:00Z;completed;Sevilla FC;CA Osasuna;Team Total Fouls;visitante;12,5;1,99;1,69;CONSENSUS_CODERE_STYLE;1,0942;cierre consensus -> mu-0.19, linea centrada, margen 1.0958
202511080A9A6059;12;2025-11-08T17:30:00Z;completed;Club Atlético de Madrid;Levante UD;Total Fouls;;22,5;1,92;1,75;CONSENSUS_CODERE_STYLE;1,0923;cierre consensus -> mu-0.53, linea centrada, margen 1.0937
202511080A9A6059;12;2025-11-08T17:30:00Z;completed;Club Atlético de Madrid;Levante UD;Team Total Fouls;local;10,5;1,93;1,73;CONSENSUS_CODERE_STYLE;1,0962;cierre consensus -> mu-0.19, linea centrada, margen 1.0942
202511080A9A6059;12;2025-11-08T17:30:00Z;completed;Club Atlético de Madrid;Levante UD;Team Total Fouls;visitante;12,5;1,92;1,74;CONSENSUS_CODERE_STYLE;1,0955;cierre consensus -> mu-0.19, linea centrada, margen 1.0958
202511089AE52573;12;2025-11-08T20:00:00Z;completed;Reial Club Deportiu Espanyol;Villarreal CF;Total Fouls;;23,5;1,75;1,92;CONSENSUS_CODERE_STYLE;1,0923;cierre consensus -> mu-0.53, linea centrada, margen 1.0937
202511089AE52573;12;2025-11-08T20:00:00Z;completed;Reial Club Deportiu Espanyol;Villarreal CF;Team Total Fouls;local;12,5;1,86;1,80;CONSENSUS_CODERE_STYLE;1,0932;cierre consensus -> mu-0.19, linea centrada, margen 1.0942
202511089AE52573;12;2025-11-08T20:00:00Z;completed;Reial Club Deportiu Espanyol;Villarreal CF;Team Total Fouls;visitante;11,5;1,87;1,78;CONSENSUS_CODERE_STYLE;1,0966;cierre consensus -> mu-0.19, linea centrada, margen 1.0958
202511093DAEF505;12;2025-11-09T13:00:00Z;completed;Athletic Club Bilbao;Real Oviedo;Total Fouls;;25,5;1,88;1,78;CONSENSUS_CODERE_STYLE;1,0937;cierre consensus -> mu-0.53, linea centrada, margen 1.0937
202511093DAEF505;12;2025-11-09T13:00:00Z;completed;Athletic Club Bilbao;Real Oviedo;Team Total Fouls;local;13,5;1,96;1,71;CONSENSUS_CODERE_STYLE;1,0950;cierre consensus -> mu-0.19, linea centrada, margen 1.0942
202511093DAEF505;12;2025-11-09T13:00:00Z;completed;Athletic Club Bilbao;Real Oviedo;Team Total Fouls;visitante;13,5;2,03;1,66;CONSENSUS_CODERE_STYLE;1,0950;cierre consensus -> mu-0.19, linea centrada, margen 1.0958
202511096B0D1CC4;12;2025-11-09T15:15:00Z;completed;Rayo Vallecano;Real Madrid CF;Total Fouls;;25,5;1,88;1,78;CONSENSUS_CODERE_STYLE;1,0937;cierre consensus -> mu-0.53, linea centrada, margen 1.0937
202511096B0D1CC4;12;2025-11-09T15:15:00Z;completed;Rayo Vallecano;Real Madrid CF;Team Total Fouls;local;15,5;1,92;1,74;CONSENSUS_CODERE_STYLE;1,0955;cierre consensus -> mu-0.19, linea centrada, margen 1.0942
202511096B0D1CC4;12;2025-11-09T15:15:00Z;completed;Rayo Vallecano;Real Madrid CF;Team Total Fouls;visitante;10,5;1,92;1,74;CONSENSUS_CODERE_STYLE;1,0955;cierre consensus -> mu-0.19, linea centrada, margen 1.0958
202511091D664B95;12;2025-11-09T17:30:00Z;completed;Valencia CF;Real Betis Balompié;Total Fouls;;24,5;1,84;1,81;CONSENSUS_CODERE_STYLE;1,0960;cierre consensus -> mu-0.53, linea centrada, margen 1.0937
202511091D664B95;12;2025-11-09T17:30:00Z;completed;Valencia CF;Real Betis Balompié;Team Total Fouls;local;14,5;1,99;1,69;CONSENSUS_CODERE_STYLE;1,0942;cierre consensus -> mu-0.19, linea centrada, margen 1.0942
202511091D664B95;12;2025-11-09T17:30:00Z;completed;Valencia CF;Real Betis Balompié;Team Total Fouls;visitante;14,5;2,03;1,65;CONSENSUS_CODERE_STYLE;1,0987;cierre consensus -> mu-0.19, linea centrada, margen 1.0958
2025110989D90530;12;2025-11-09T17:30:00Z;completed;Real Club Deportivo Mallorca;Getafe CF;Total Fouls;;27,5;1,78;1,88;CONSENSUS_CODERE_STYLE;1,0937;cierre consensus -> mu-0.53, linea centrada, margen 1.0937
2025110989D90530;12;2025-11-09T17:30:00Z;completed;Real Club Deportivo Mallorca;Getafe CF;Team Total Fouls;local;13,5;2,03;1,66;CONSENSUS_CODERE_STYLE;1,0950;cierre consensus -> mu-0.19, linea centrada, margen 1.0942
2025110989D90530;12;2025-11-09T17:30:00Z;completed;Real Club Deportivo Mallorca;Getafe CF;Team Total Fouls;visitante;14,5;1,94;1,72;CONSENSUS_CODERE_STYLE;1,0969;cierre consensus -> mu-0.19, linea centrada, margen 1.0958
20251109072A1CBA;12;2025-11-09T20:00:00Z;completed;Real Club Celta de Vigo;FC Barcelona;Total Fouls;;23,5;1,83;1,83;CONSENSUS_CODERE_STYLE;1,0929;cierre consensus -> mu-0.53, linea centrada, margen 1.0937
20251109072A1CBA;12;2025-11-09T20:00:00Z;completed;Real Club Celta de Vigo;FC Barcelona;Team Total Fouls;local;13,5;1,98;1,70;CONSENSUS_CODERE_STYLE;1,0933;cierre consensus -> mu-0.19, linea centrada, margen 1.0942
20251109072A1CBA;12;2025-11-09T20:00:00Z;completed;Real Club Celta de Vigo;FC Barcelona;Team Total Fouls;visitante;12,5;1,90;1,76;CONSENSUS_CODERE_STYLE;1,0945;cierre consensus -> mu-0.19, linea centrada, margen 1.0958
20251121D7A68D92;13;2025-11-21T20:00:00Z;completed;Valencia CF;Levante UD;Total Fouls;;25,5;1,78;1,87;CONSENSUS_CODERE_STYLE;1,0966;cierre consensus -> mu-0.53, linea centrada, margen 1.0937
20251121D7A68D92;13;2025-11-21T20:00:00Z;completed;Valencia CF;Levante UD;Team Total Fouls;local;12,5;1,78;1,88;CONSENSUS_CODERE_STYLE;1,0937;cierre consensus -> mu-0.19, linea centrada, margen 1.0942
20251121D7A68D92;13;2025-11-21T20:00:00Z;completed;Valencia CF;Levante UD;Team Total Fouls;visitante;13,5;1,98;1,70;CONSENSUS_CODERE_STYLE;1,0933;cierre consensus -> mu-0.19, linea centrada, margen 1.0958
202511220EECA4DC;13;2025-11-22T13:00:00Z;completed;Deportivo Alavés;Real Club Celta de Vigo;Total Fouls;;26,5;1,75;1,92;CONSENSUS_CODERE_STYLE;1,0923;cierre consensus -> mu-0.53, linea centrada, margen 1.0937
202511220EECA4DC;13;2025-11-22T13:00:00Z;completed;Deportivo Alavés;Real Club Celta de Vigo;Team Total Fouls;local;14,5;1,89;1,77;CONSENSUS_CODERE_STYLE;1,0941;cierre consensus -> mu-0.19, linea centrada, margen 1.0942
202511220EECA4DC;13;2025-11-22T13:00:00Z;completed;Deportivo Alavés;Real Club Celta de Vigo;Team Total Fouls;visitante;12,5;1,79;1,86;CONSENSUS_CODERE_STYLE;1,0963;cierre consensus -> mu-0.19, linea centrada, margen 1.0958
202511224362FDB1;13;2025-11-22T15:15:00Z;completed;FC Barcelona;Athletic Club Bilbao;Total Fouls;;24,5;1,79;1,87;CONSENSUS_CODERE_STYLE;1,0934;cierre consensus -> mu-0.53, linea centrada, margen 1.0937
202511224362FDB1;13;2025-11-22T15:15:00Z;completed;FC Barcelona;Athletic Club Bilbao;Team Total Fouls;local;10,5;1,79;1,87;CONSENSUS_CODERE_STYLE;1,0934;cierre consensus -> mu-0.19, linea centrada, margen 1.0942
202511224362FDB1;13;2025-11-22T15:15:00Z;completed;FC Barcelona;Athletic Club Bilbao;Team Total Fouls;visitante;14,5;2,00;1,68;CONSENSUS_CODERE_STYLE;1,0952;cierre consensus -> mu-0.19, linea centrada, margen 1.0958
2025112260CF9B56;13;2025-11-22T17:30:00Z;completed;CA Osasuna;Real Sociedad de Fútbol;Total Fouls;;27,5;1,92;1,75;CONSENSUS_CODERE_STYLE;1,0923;cierre consensus -> mu-0.53, linea centrada, margen 1.0937
2025112260CF9B56;13;2025-11-22T17:30:00Z;completed;CA Osasuna;Real Sociedad de Fútbol;Team Total Fouls;local;12,5;1,88;1,78;CONSENSUS_CODERE_STYLE;1,0937;cierre consensus -> mu-0.19, linea centrada, margen 1.0942
2025112260CF9B56;13;2025-11-22T17:30:00Z;completed;CA Osasuna;Real Sociedad de Fútbol;Team Total Fouls;visitante;14,5;1,87;1,79;CONSENSUS_CODERE_STYLE;1,0934;cierre consensus -> mu-0.19, linea centrada, margen 1.0958
2025112259A4A2D0;13;2025-11-22T20:00:00Z;completed;Villarreal CF;Real Club Deportivo Mallorca;Total Fouls;;23,5;1,91;1,75;CONSENSUS_CODERE_STYLE;1,0950;cierre consensus -> mu-0.53, linea centrada, margen 1.0937
2025112259A4A2D0;13;2025-11-22T20:00:00Z;completed;Villarreal CF;Real Club Deportivo Mallorca;Team Total Fouls;local;11,5;1,98;1,70;CONSENSUS_CODERE_STYLE;1,0933;cierre consensus -> mu-0.19, linea centrada, margen 1.0942
2025112259A4A2D0;13;2025-11-22T20:00:00Z;completed;Villarreal CF;Real Club Deportivo Mallorca;Team Total Fouls;visitante;12,5;1,84;1,81;CONSENSUS_CODERE_STYLE;1,0960;cierre consensus -> mu-0.19, linea centrada, margen 1.0958
20251123FBFC250D;13;2025-11-23T13:00:00Z;completed;Real Oviedo;Rayo Vallecano;Total Fouls;;25,5;1,92;1,74;CONSENSUS_CODERE_STYLE;1,0955;cierre consensus -> mu-0.53, linea centrada, margen 1.0937
20251123FBFC250D;13;2025-11-23T13:00:00Z;completed;Real Oviedo;Rayo Vallecano;Team Total Fouls;local;11,5;1,93;1,74;CONSENSUS_CODERE_STYLE;1,0928;cierre consensus -> mu-0.19, linea centrada, margen 1.0942
20251123FBFC250D;13;2025-11-23T13:00:00Z;completed;Real Oviedo;Rayo Vallecano;Team Total Fouls;visitante;13,5;1,86;1,79;CONSENSUS_CODERE_STYLE;1,0963;cierre consensus -> mu-0.19, linea centrada, margen 1.0958
20251123251E6D80;13;2025-11-23T15:15:00Z;completed;Real Betis Balompié;Girona FC;Total Fouls;;23,5;1,75;1,92;CONSENSUS_CODERE_STYLE;1,0923;cierre consensus -> mu-0.53, linea centrada, margen 1.0937
20251123251E6D80;13;2025-11-23T15:15:00Z;completed;Real Betis Balompié;Girona FC;Team Total Fouls;local;10,5;1,78;1,88;CONSENSUS_CODERE_STYLE;1,0937;cierre consensus -> mu-0.19, linea centrada, margen 1.0942
20251123251E6D80;13;2025-11-23T15:15:00Z;completed;Real Betis Balompié;Girona FC;Team Total Fouls;visitante;12,5;1,90;1,76;CONSENSUS_CODERE_STYLE;1,0945;cierre consensus -> mu-0.19, linea centrada, margen 1.0958
20251123E376BA43;13;2025-11-23T17:30:00Z;completed;Getafe CF;Club Atlético de Madrid;Total Fouls;;25,5;1,88;1,78;CONSENSUS_CODERE_STYLE;1,0937;cierre consensus -> mu-0.53, linea centrada, margen 1.0937
20251123E376BA43;13;2025-11-23T17:30:00Z;completed;Getafe CF;Club Atlético de Madrid;Team Total Fouls;local;14,5;1,92;1,75;CONSENSUS_CODERE_STYLE;1,0923;cierre consensus -> mu-0.19, linea centrada, margen 1.0942
20251123E376BA43;13;2025-11-23T17:30:00Z;completed;Getafe CF;Club Atlético de Madrid;Team Total Fouls;visitante;11,5;2,00;1,68;CONSENSUS_CODERE_STYLE;1,0952;cierre consensus -> mu-0.19, linea centrada, margen 1.0958
20251123DED0FD49;13;2025-11-23T20:00:00Z;completed;Elche CF;Real Madrid CF;Total Fouls;;23,5;1,75;1,92;CONSENSUS_CODERE_STYLE;1,0923;cierre consensus -> mu-0.53, linea centrada, margen 1.0937
20251123DED0FD49;13;2025-11-23T20:00:00Z;completed;Elche CF;Real Madrid CF;Team Total Fouls;local;13,5;1,91;1,75;CONSENSUS_CODERE_STYLE;1,0950;cierre consensus -> mu-0.19, linea centrada, margen 1.0942
20251123DED0FD49;13;2025-11-23T20:00:00Z;completed;Elche CF;Real Madrid CF;Team Total Fouls;visitante;11,5;1,91;1,74;CONSENSUS_CODERE_STYLE;1,0983;cierre consensus -> mu-0.19, linea centrada, margen 1.0958
202511245959318F;13;2025-11-24T20:00:00Z;completed;Reial Club Deportiu Espanyol;Sevilla FC;Total Fouls;;26,5;1,88;1,78;CONSENSUS_CODERE_STYLE;1,0937;cierre consensus -> mu-0.53, linea centrada, margen 1.0937
202511245959318F;13;2025-11-24T20:00:00Z;completed;Reial Club Deportiu Espanyol;Sevilla FC;Team Total Fouls;local;13,5;1,92;1,74;CONSENSUS_CODERE_STYLE;1,0955;cierre consensus -> mu-0.19, linea centrada, margen 1.0942
202511245959318F;13;2025-11-24T20:00:00Z;completed;Reial Club Deportiu Espanyol;Sevilla FC;Team Total Fouls;visitante;13,5;1,87;1,78;CONSENSUS_CODERE_STYLE;1,0966;cierre consensus -> mu-0.19, linea centrada, margen 1.0958
20251128B9270A54;14;2025-11-28T20:00:00Z;completed;Getafe CF;Elche CF;Total Fouls;;28,5;1,76;1,90;CONSENSUS_CODERE_STYLE;1,0945;cierre consensus -> mu-0.53, linea centrada, margen 1.0937
20251128B9270A54;14;2025-11-28T20:00:00Z;completed;Getafe CF;Elche CF;Team Total Fouls;local;15,5;1,91;1,76;CONSENSUS_CODERE_STYLE;1,0917;cierre consensus -> mu-0.19, linea centrada, margen 1.0942
20251128B9270A54;14;2025-11-28T20:00:00Z;completed;Getafe CF;Elche CF;Team Total Fouls;visitante;13,5;1,85;1,80;CONSENSUS_CODERE_STYLE;1,0961;cierre consensus -> mu-0.19, linea centrada, margen 1.0958
2025112935E148DD;14;2025-11-29T13:00:00Z;completed;Real Club Deportivo Mallorca;CA Osasuna;Total Fouls;;23,5;1,90;1,76;CONSENSUS_CODERE_STYLE;1,0945;cierre consensus -> mu-0.53, linea centrada, margen 1.0937
2025112935E148DD;14;2025-11-29T13:00:00Z;completed;Real Club Deportivo Mallorca;CA Osasuna;Team Total Fouls;local;11,5;1,90;1,76;CONSENSUS_CODERE_STYLE;1,0945;cierre consensus -> mu-0.19, linea centrada, margen 1.0942
2025112935E148DD;14;2025-11-29T13:00:00Z;completed;Real Club Deportivo Mallorca;CA Osasuna;Team Total Fouls;visitante;12,5;1,90;1,76;CONSENSUS_CODERE_STYLE;1,0945;cierre consensus -> mu-0.19, linea centrada, margen 1.0958
2025112918E4A8C6;14;2025-11-29T15:15:00Z;completed;FC Barcelona;Deportivo Alavés;Total Fouls;;22,5;1,74;1,92;CONSENSUS_CODERE_STYLE;1,0955;cierre consensus -> mu-0.53, linea centrada, margen 1.0937
2025112918E4A8C6;14;2025-11-29T15:15:00Z;completed;FC Barcelona;Deportivo Alavés;Team Total Fouls;local;10,5;1,91;1,75;CONSENSUS_CODERE_STYLE;1,0950;cierre consensus -> mu-0.19, linea centrada, margen 1.0942
2025112918E4A8C6;14;2025-11-29T15:15:00Z;completed;FC Barcelona;Deportivo Alavés;Team Total Fouls;visitante;14,5;1,89;1,76;CONSENSUS_CODERE_STYLE;1,0973;cierre consensus -> mu-0.19, linea centrada, margen 1.0958
202511298A3BC18D;14;2025-11-29T17:30:00Z;completed;Levante UD;Athletic Club Bilbao;Total Fouls;;25,5;1,83;1,82;CONSENSUS_CODERE_STYLE;1,0959;cierre consensus -> mu-0.53, linea centrada, margen 1.0937
202511298A3BC18D;14;2025-11-29T17:30:00Z;completed;Levante UD;Athletic Club Bilbao;Team Total Fouls;local;12,5;1,82;1,83;CONSENSUS_CODERE_STYLE;1,0959;cierre consensus -> mu-0.19, linea centrada, margen 1.0942
202511298A3BC18D;14;2025-11-29T17:30:00Z;completed;Levante UD;Athletic Club Bilbao;Team Total Fouls;visitante;12,5;1,79;1,86;CONSENSUS_CODERE_STYLE;1,0963;cierre consensus -> mu-0.19, linea centrada, margen 1.0958
2025112915C32523;14;2025-11-29T20:00:00Z;completed;Club Atlético de Madrid;Real Oviedo;Total Fouls;;21,5;1,74;1,92;CONSENSUS_CODERE_STYLE;1,0955;cierre consensus -> mu-0.53, linea centrada, margen 1.0937
2025112915C32523;14;2025-11-29T20:00:00Z;completed;Club Atlético de Madrid;Real Oviedo;Team Total Fouls;local;10,5;1,99;1,69;CONSENSUS_CODERE_STYLE;1,0942;cierre consensus -> mu-0.19, linea centrada, margen 1.0942
2025112915C32523;14;2025-11-29T20:00:00Z;completed;Club Atlético de Madrid;Real Oviedo;Team Total Fouls;visitante;11,5;1,88;1,77;CONSENSUS_CODERE_STYLE;1,0969;cierre consensus -> mu-0.19, linea centrada, margen 1.0958
2025113064A9FD0B;14;2025-11-30T13:00:00Z;completed;Real Sociedad de Fútbol;Villarreal CF;Total Fouls;;24,5;1,77;1,89;CONSENSUS_CODERE_STYLE;1,0941;cierre consensus -> mu-0.53, linea centrada, margen 1.0937
2025113064A9FD0B;14;2025-11-30T13:00:00Z;completed;Real Sociedad de Fútbol;Villarreal CF;Team Total Fouls;local;13,5;1,88;1,78;CONSENSUS_CODERE_STYLE;1,0937;cierre consensus -> mu-0.19, linea centrada, margen 1.0942
2025113064A9FD0B;14;2025-11-30T13:00:00Z;completed;Real Sociedad de Fútbol;Villarreal CF;Team Total Fouls;visitante;11,5;1,93;1,73;CONSENSUS_CODERE_STYLE;1,0962;cierre consensus -> mu-0.19, linea centrada, margen 1.0958
202511305A3E8996;14;2025-11-30T15:15:00Z;completed;Sevilla FC;Real Betis Balompié;Total Fouls;;28,5;1,75;1,92;CONSENSUS_CODERE_STYLE;1,0923;cierre consensus -> mu-0.53, linea centrada, margen 1.0937
202511305A3E8996;14;2025-11-30T15:15:00Z;completed;Sevilla FC;Real Betis Balompié;Team Total Fouls;local;16,5;1,94;1,73;CONSENSUS_CODERE_STYLE;1,0935;cierre consensus -> mu-0.19, linea centrada, margen 1.0942
202511305A3E8996;14;2025-11-30T15:15:00Z;completed;Sevilla FC;Real Betis Balompié;Team Total Fouls;visitante;12,5;1,89;1,76;CONSENSUS_CODERE_STYLE;1,0973;cierre consensus -> mu-0.19, linea centrada, margen 1.0958
2025113097508F80;14;2025-11-30T17:30:00Z;completed;Real Club Celta de Vigo;Reial Club Deportiu Espanyol;Total Fouls;;24,5;1,80;1,86;CONSENSUS_CODERE_STYLE;1,0932;cierre consensus -> mu-0.53, linea centrada, margen 1.0937
2025113097508F80;14;2025-11-30T17:30:00Z;completed;Real Club Celta de Vigo;Reial Club Deportiu Espanyol;Team Total Fouls;local;11,5;1,86;1,79;CONSENSUS_CODERE_STYLE;1,0963;cierre consensus -> mu-0.19, linea centrada, margen 1.0942
2025113097508F80;14;2025-11-30T17:30:00Z;completed;Real Club Celta de Vigo;Reial Club Deportiu Espanyol;Team Total Fouls;visitante;13,5;1,94;1,73;CONSENSUS_CODERE_STYLE;1,0935;cierre consensus -> mu-0.19, linea centrada, margen 1.0958
20251130E776D3D4;14;2025-11-30T20:00:00Z;completed;Girona FC;Real Madrid CF;Total Fouls;;20,5;1,76;1,90;CONSENSUS_CODERE_STYLE;1,0945;cierre consensus -> mu-0.53, linea centrada, margen 1.0937
20251130E776D3D4;14;2025-11-30T20:00:00Z;completed;Girona FC;Real Madrid CF;Team Total Fouls;local;12,5;1,87;1,79;CONSENSUS_CODERE_STYLE;1,0934;cierre consensus -> mu-0.19, linea centrada, margen 1.0942
20251130E776D3D4;14;2025-11-30T20:00:00Z;completed;Girona FC;Real Madrid CF;Team Total Fouls;visitante;9,5;1,98;1,69;CONSENSUS_CODERE_STYLE;1,0968;cierre consensus -> mu-0.19, linea centrada, margen 1.0958
2025120119B6D8C2;14;2025-12-01T20:00:00Z;completed;Rayo Vallecano;Valencia CF;Total Fouls;;25,5;1,75;1,91;CONSENSUS_CODERE_STYLE;1,0950;cierre consensus -> mu-0.53, linea centrada, margen 1.0937
2025120119B6D8C2;14;2025-12-01T20:00:00Z;completed;Rayo Vallecano;Valencia CF;Team Total Fouls;local;14,5;1,97;1,70;CONSENSUS_CODERE_STYLE;1,0958;cierre consensus -> mu-0.19, linea centrada, margen 1.0942
2025120119B6D8C2;14;2025-12-01T20:00:00Z;completed;Rayo Vallecano;Valencia CF;Team Total Fouls;visitante;12,5;1,87;1,78;CONSENSUS_CODERE_STYLE;1,0966;cierre consensus -> mu-0.19, linea centrada, margen 1.0958
20251202E80258EC;19;2025-12-02T20:00:00Z;completed;FC Barcelona;Club Atlético de Madrid;Total Fouls;;22,5;1,87;1,79;CONSENSUS_CODERE_STYLE;1,0934;cierre consensus -> mu-0.53, linea centrada, margen 1.0937
20251202E80258EC;19;2025-12-02T20:00:00Z;completed;FC Barcelona;Club Atlético de Madrid;Team Total Fouls;local;11,5;2,04;1,65;CONSENSUS_CODERE_STYLE;1,0963;cierre consensus -> mu-0.19, linea centrada, margen 1.0942
20251202E80258EC;19;2025-12-02T20:00:00Z;completed;FC Barcelona;Club Atlético de Madrid;Team Total Fouls;visitante;12,5;1,90;1,75;CONSENSUS_CODERE_STYLE;1,0977;cierre consensus -> mu-0.19, linea centrada, margen 1.0958
202512032D49562F;19;2025-12-03T18:00:00Z;completed;Athletic Club Bilbao;Real Madrid CF;Total Fouls;;23,5;1,80;1,86;CONSENSUS_CODERE_STYLE;1,0932;cierre consensus -> mu-0.53, linea centrada, margen 1.0937
202512032D49562F;19;2025-12-03T18:00:00Z;completed;Athletic Club Bilbao;Real Madrid CF;Team Total Fouls;local;14,5;1,96;1,71;CONSENSUS_CODERE_STYLE;1,0950;cierre consensus -> mu-0.19, linea centrada, margen 1.0942
202512032D49562F;19;2025-12-03T18:00:00Z;completed;Athletic Club Bilbao;Real Madrid CF;Team Total Fouls;visitante;9,5;1,87;1,78;CONSENSUS_CODERE_STYLE;1,0966;cierre consensus -> mu-0.19, linea centrada, margen 1.0958
202512056678BD4D;15;2025-12-05T20:00:00Z;completed;Real Oviedo;Real Club Deportivo Mallorca;Total Fouls;;23,5;1,88;1,78;CONSENSUS_CODERE_STYLE;1,0937;apertura consensus -> mu-0.53, linea centrada, margen 1.0937
202512056678BD4D;15;2025-12-05T20:00:00Z;completed;Real Oviedo;Real Club Deportivo Mallorca;Team Total Fouls;local;12,5;1,87;1,79;CONSENSUS_CODERE_STYLE;1,0934;apertura consensus -> mu-0.19, linea centrada, margen 1.0942
202512056678BD4D;15;2025-12-05T20:00:00Z;completed;Real Oviedo;Real Club Deportivo Mallorca;Team Total Fouls;visitante;11,5;1,74;1,92;CONSENSUS_CODERE_STYLE;1,0955;apertura consensus -> mu-0.19, linea centrada, margen 1.0958
20251206023E7347;15;2025-12-06T13:00:00Z;completed;Villarreal CF;Getafe CF;Total Fouls;;26,5;1,79;1,87;CONSENSUS_CODERE_STYLE;1,0934;cierre consensus -> mu-0.53, linea centrada, margen 1.0937
20251206023E7347;15;2025-12-06T13:00:00Z;completed;Villarreal CF;Getafe CF;Team Total Fouls;local;13,5;1,99;1,69;CONSENSUS_CODERE_STYLE;1,0942;cierre consensus -> mu-0.19, linea centrada, margen 1.0942
20251206023E7347;15;2025-12-06T13:00:00Z;completed;Villarreal CF;Getafe CF;Team Total Fouls;visitante;14,5;1,91;1,75;CONSENSUS_CODERE_STYLE;1,0950;cierre consensus -> mu-0.19, linea centrada, margen 1.0958
20251206F72DD0B8;15;2025-12-06T15:15:00Z;completed;Deportivo Alavés;Real Sociedad de Fútbol;Total Fouls;;29,5;1,89;1,77;CONSENSUS_CODERE_STYLE;1,0941;cierre consensus -> mu-0.53, linea centrada, margen 1.0937
20251206F72DD0B8;15;2025-12-06T15:15:00Z;completed;Deportivo Alavés;Real Sociedad de Fútbol;Team Total Fouls;local;14,5;1,84;1,81;CONSENSUS_CODERE_STYLE;1,0960;cierre consensus -> mu-0.19, linea centrada, margen 1.0942
20251206F72DD0B8;15;2025-12-06T15:15:00Z;completed;Deportivo Alavés;Real Sociedad de Fútbol;Team Total Fouls;visitante;15,5;1,92;1,74;CONSENSUS_CODERE_STYLE;1,0955;cierre consensus -> mu-0.19, linea centrada, margen 1.0958
202512062D3280EA;15;2025-12-06T17:30:00Z;completed;Real Betis Balompié;FC Barcelona;Total Fouls;;20,5;1,75;1,92;CONSENSUS_CODERE_STYLE;1,0923;cierre consensus -> mu-0.53, linea centrada, margen 1.0937
202512062D3280EA;15;2025-12-06T17:30:00Z;completed;Real Betis Balompié;FC Barcelona;Team Total Fouls;local;11,5;1,84;1,82;CONSENSUS_CODERE_STYLE;1,0929;cierre consensus -> mu-0.19, linea centrada, margen 1.0942
202512062D3280EA;15;2025-12-06T17:30:00Z;completed;Real Betis Balompié;FC Barcelona;Team Total Fouls;visitante;11,5;1,86;1,79;CONSENSUS_CODERE_STYLE;1,0963;cierre consensus -> mu-0.19, linea centrada, margen 1.0958
2025120615EE2170;15;2025-12-06T20:00:00Z;completed;Athletic Club Bilbao;Club Atlético de Madrid;Total Fouls;;23,5;1,78;1,88;CONSENSUS_CODERE_STYLE;1,0937;cierre consensus -> mu-0.53, linea centrada, margen 1.0937
2025120615EE2170;15;2025-12-06T20:00:00Z;completed;Athletic Club Bilbao;Club Atlético de Madrid;Team Total Fouls;local;13,5;1,92;1,74;CONSENSUS_CODERE_STYLE;1,0955;cierre consensus -> mu-0.19, linea centrada, margen 1.0942
2025120615EE2170;15;2025-12-06T20:00:00Z;completed;Athletic Club Bilbao;Club Atlético de Madrid;Team Total Fouls;visitante;11,5;1,91;1,74;CONSENSUS_CODERE_STYLE;1,0983;cierre consensus -> mu-0.19, linea centrada, margen 1.0958
20251207BBD5620F;15;2025-12-07T13:00:00Z;completed;Elche CF;Girona FC;Total Fouls;;26,5;1,88;1,78;CONSENSUS_CODERE_STYLE;1,0937;cierre consensus -> mu-0.53, linea centrada, margen 1.0937
20251207BBD5620F;15;2025-12-07T13:00:00Z;completed;Elche CF;Girona FC;Team Total Fouls;local;12,5;1,93;1,73;CONSENSUS_CODERE_STYLE;1,0962;cierre consensus -> mu-0.19, linea centrada, margen 1.0942
20251207BBD5620F;15;2025-12-07T13:00:00Z;completed;Elche CF;Girona FC;Team Total Fouls;visitante;14,5;1,92;1,74;CONSENSUS_CODERE_STYLE;1,0955;cierre consensus -> mu-0.19, linea centrada, margen 1.0958
202512072904127E;15;2025-12-07T15:15:00Z;completed;Valencia CF;Sevilla FC;Total Fouls;;25,5;1,90;1,76;CONSENSUS_CODERE_STYLE;1,0945;cierre consensus -> mu-0.53, linea centrada, margen 1.0937
202512072904127E;15;2025-12-07T15:15:00Z;completed;Valencia CF;Sevilla FC;Team Total Fouls;local;12,5;1,99;1,69;CONSENSUS_CODERE_STYLE;1,0942;cierre consensus -> mu-0.19, linea centrada, margen 1.0942
202512072904127E;15;2025-12-07T15:15:00Z;completed;Valencia CF;Sevilla FC;Team Total Fouls;visitante;13,5;1,90;1,75;CONSENSUS_CODERE_STYLE;1,0977;cierre consensus -> mu-0.19, linea centrada, margen 1.0958
2025120759AAB57A;15;2025-12-07T17:30:00Z;completed;Reial Club Deportiu Espanyol;Rayo Vallecano;Total Fouls;;24,5;1,77;1,90;CONSENSUS_CODERE_STYLE;1,0913;cierre consensus -> mu-0.53, linea centrada, margen 1.0937
2025120759AAB57A;15;2025-12-07T17:30:00Z;completed;Reial Club Deportiu Espanyol;Rayo Vallecano;Team Total Fouls;local;11,5;1,85;1,81;CONSENSUS_CODERE_STYLE;1,0930;cierre consensus -> mu-0.19, linea centrada, margen 1.0942
2025120759AAB57A;15;2025-12-07T17:30:00Z;completed;Reial Club Deportiu Espanyol;Rayo Vallecano;Team Total Fouls;visitante;13,5;1,94;1,72;CONSENSUS_CODERE_STYLE;1,0969;cierre consensus -> mu-0.19, linea centrada, margen 1.0958
2025120768544167;15;2025-12-07T20:00:00Z;completed;Real Madrid CF;Real Club Celta de Vigo;Total Fouls;;22,5;1,92;1,74;CONSENSUS_CODERE_STYLE;1,0955;cierre consensus -> mu-0.53, linea centrada, margen 1.0937
2025120768544167;15;2025-12-07T20:00:00Z;completed;Real Madrid CF;Real Club Celta de Vigo;Team Total Fouls;local;10,5;2,04;1,66;CONSENSUS_CODERE_STYLE;1,0926;cierre consensus -> mu-0.19, linea centrada, margen 1.0942
2025120768544167;15;2025-12-07T20:00:00Z;completed;Real Madrid CF;Real Club Celta de Vigo;Team Total Fouls;visitante;13,5;2,03;1,66;CONSENSUS_CODERE_STYLE;1,0950;cierre consensus -> mu-0.19, linea centrada, margen 1.0958
202512084408AE46;15;2025-12-08T20:00:00Z;completed;CA Osasuna;Levante UD;Total Fouls;;24,5;1,86;1,80;CONSENSUS_CODERE_STYLE;1,0932;cierre consensus -> mu-0.53, linea centrada, margen 1.0937
202512084408AE46;15;2025-12-08T20:00:00Z;completed;CA Osasuna;Levante UD;Team Total Fouls;local;12,5;1,82;1,83;CONSENSUS_CODERE_STYLE;1,0959;cierre consensus -> mu-0.19, linea centrada, margen 1.0942
202512084408AE46;15;2025-12-08T20:00:00Z;completed;CA Osasuna;Levante UD;Team Total Fouls;visitante;13,5;1,83;1,82;CONSENSUS_CODERE_STYLE;1,0959;cierre consensus -> mu-0.19, linea centrada, margen 1.0958
20251212C6D055BD;16;2025-12-12T20:00:00Z;completed;Real Sociedad de Fútbol;Girona FC;Total Fouls;;25,5;1,88;1,78;CONSENSUS_CODERE_STYLE;1,0937;cierre consensus -> mu-0.53, linea centrada, margen 1.0937
20251212C6D055BD;16;2025-12-12T20:00:00Z;completed;Real Sociedad de Fútbol;Girona FC;Team Total Fouls;local;13,5;1,88;1,78;CONSENSUS_CODERE_STYLE;1,0937;cierre consensus -> mu-0.19, linea centrada, margen 1.0942
20251212C6D055BD;16;2025-12-12T20:00:00Z;completed;Real Sociedad de Fútbol;Girona FC;Team Total Fouls;visitante;11,5;1,88;1,77;CONSENSUS_CODERE_STYLE;1,0969;cierre consensus -> mu-0.19, linea centrada, margen 1.0958
20251213AEAE37FB;16;2025-12-13T13:00:00Z;completed;Club Atlético de Madrid;Valencia CF;Total Fouls;;21,5;1,76;1,90;CONSENSUS_CODERE_STYLE;1,0945;cierre consensus -> mu-0.53, linea centrada, margen 1.0937
20251213AEAE37FB;16;2025-12-13T13:00:00Z;completed;Club Atlético de Madrid;Valencia CF;Team Total Fouls;local;11,5;1,99;1,69;CONSENSUS_CODERE_STYLE;1,0942;cierre consensus -> mu-0.19, linea centrada, margen 1.0942
20251213AEAE37FB;16;2025-12-13T13:00:00Z;completed;Club Atlético de Madrid;Valencia CF;Team Total Fouls;visitante;11,5;2,04;1,65;CONSENSUS_CODERE_STYLE;1,0963;cierre consensus -> mu-0.19, linea centrada, margen 1.0958
202512132CBAC76A;16;2025-12-13T15:15:00Z;completed;Real Club Deportivo Mallorca;Elche CF;Total Fouls;;26,5;1,77;1,89;CONSENSUS_CODERE_STYLE;1,0941;cierre consensus -> mu-0.53, linea centrada, margen 1.0937
202512132CBAC76A;16;2025-12-13T15:15:00Z;completed;Real Club Deportivo Mallorca;Elche CF;Team Total Fouls;local;14,5;1,92;1,74;CONSENSUS_CODERE_STYLE;1,0955;cierre consensus -> mu-0.19, linea centrada, margen 1.0942
202512132CBAC76A;16;2025-12-13T15:15:00Z;completed;Real Club Deportivo Mallorca;Elche CF;Team Total Fouls;visitante;12,5;1,92;1,74;CONSENSUS_CODERE_STYLE;1,0955;cierre consensus -> mu-0.19, linea centrada, margen 1.0958
20251213EB208340;16;2025-12-13T17:30:00Z;completed;FC Barcelona;CA Osasuna;Total Fouls;;21,5;1,90;1,76;CONSENSUS_CODERE_STYLE;1,0945;cierre consensus -> mu-0.53, linea centrada, margen 1.0937
20251213EB208340;16;2025-12-13T17:30:00Z;completed;FC Barcelona;CA Osasuna;Team Total Fouls;local;8,5;1,87;1,78;CONSENSUS_CODERE_STYLE;1,0966;cierre consensus -> mu-0.19, linea centrada, margen 1.0942
20251213EB208340;16;2025-12-13T17:30:00Z;completed;FC Barcelona;CA Osasuna;Team Total Fouls;visitante;12,5;1,93;1,73;CONSENSUS_CODERE_STYLE;1,0962;cierre consensus -> mu-0.19, linea centrada, margen 1.0958
20251213CBD9540F;16;2025-12-13T20:00:00Z;completed;Getafe CF;Reial Club Deportiu Espanyol;Total Fouls;;27,5;1,79;1,87;CONSENSUS_CODERE_STYLE;1,0934;cierre consensus -> mu-0.53, linea centrada, margen 1.0937
20251213CBD9540F;16;2025-12-13T20:00:00Z;completed;Getafe CF;Reial Club Deportiu Espanyol;Team Total Fouls;local;14,5;1,93;1,74;CONSENSUS_CODERE_STYLE;1,0928;cierre consensus -> mu-0.19, linea centrada, margen 1.0942
20251213CBD9540F;16;2025-12-13T20:00:00Z;completed;Getafe CF;Reial Club Deportiu Espanyol;Team Total Fouls;visitante;14,5;1,93;1,73;CONSENSUS_CODERE_STYLE;1,0962;cierre consensus -> mu-0.19, linea centrada, margen 1.0958
202512140F988364;16;2025-12-14T13:00:00Z;completed;Sevilla FC;Real Oviedo;Total Fouls;;27,5;1,92;1,75;CONSENSUS_CODERE_STYLE;1,0923;cierre consensus -> mu-0.53, linea centrada, margen 1.0937
202512140F988364;16;2025-12-14T13:00:00Z;completed;Sevilla FC;Real Oviedo;Team Total Fouls;local;14,5;2,03;1,66;CONSENSUS_CODERE_STYLE;1,0950;cierre consensus -> mu-0.19, linea centrada, margen 1.0942
202512140F988364;16;2025-12-14T13:00:00Z;completed;Sevilla FC;Real Oviedo;Team Total Fouls;visitante;13,5;1,92;1,74;CONSENSUS_CODERE_STYLE;1,0955;cierre consensus -> mu-0.19, linea centrada, margen 1.0958
202512141867E97E;16;2025-12-14T15:15:00Z;completed;Real Club Celta de Vigo;Athletic Club Bilbao;Total Fouls;;23,5;1,74;1,92;CONSENSUS_CODERE_STYLE;1,0955;cierre consensus -> mu-0.53, linea centrada, margen 1.0937
202512141867E97E;16;2025-12-14T15:15:00Z;completed;Real Club Celta de Vigo;Athletic Club Bilbao;Team Total Fouls;local;11,5;1,94;1,73;CONSENSUS_CODERE_STYLE;1,0935;cierre consensus -> mu-0.19, linea centrada, margen 1.0942
202512141867E97E;16;2025-12-14T15:15:00Z;completed;Real Club Celta de Vigo;Athletic Club Bilbao;Team Total Fouls;visitante;12,5;1,91;1,75;CONSENSUS_CODERE_STYLE;1,0950;cierre consensus -> mu-0.19, linea centrada, margen 1.0958
2025121462B10740;16;2025-12-14T17:30:00Z;cancelled;Levante UD;Villarreal CF;Total Fouls;;24,5;1,88;1,78;CONSENSUS_CODERE_STYLE;1,0937;apertura consensus -> mu-0.53, linea centrada, margen 1.0937
2025121462B10740;16;2025-12-14T17:30:00Z;cancelled;Levante UD;Villarreal CF;Team Total Fouls;local;12,5;2,02;1,67;CONSENSUS_CODERE_STYLE;1,0939;apertura consensus -> mu-0.19, linea centrada, margen 1.0942
2025121462B10740;16;2025-12-14T17:30:00Z;cancelled;Levante UD;Villarreal CF;Team Total Fouls;visitante;13,5;2,03;1,66;CONSENSUS_CODERE_STYLE;1,0950;apertura consensus -> mu-0.19, linea centrada, margen 1.0958
2025121455EBF04B;16;2025-12-14T20:00:00Z;completed;Deportivo Alavés;Real Madrid CF;Total Fouls;;24,5;1,79;1,87;CONSENSUS_CODERE_STYLE;1,0934;cierre consensus -> mu-0.53, linea centrada, margen 1.0937
2025121455EBF04B;16;2025-12-14T20:00:00Z;completed;Deportivo Alavés;Real Madrid CF;Team Total Fouls;local;15,5;1,85;1,81;CONSENSUS_CODERE_STYLE;1,0930;cierre consensus -> mu-0.19, linea centrada, margen 1.0942
2025121455EBF04B;16;2025-12-14T20:00:00Z;completed;Deportivo Alavés;Real Madrid CF;Team Total Fouls;visitante;9,5;1,97;1,70;CONSENSUS_CODERE_STYLE;1,0958;cierre consensus -> mu-0.19, linea centrada, margen 1.0958
20251215529DC397;16;2025-12-15T20:00:00Z;completed;Rayo Vallecano;Real Betis Balompié;Total Fouls;;24,5;1,80;1,86;CONSENSUS_CODERE_STYLE;1,0932;cierre consensus -> mu-0.53, linea centrada, margen 1.0937
20251215529DC397;16;2025-12-15T20:00:00Z;completed;Rayo Vallecano;Real Betis Balompié;Team Total Fouls;local;14,5;1,79;1,87;CONSENSUS_CODERE_STYLE;1,0934;cierre consensus -> mu-0.19, linea centrada, margen 1.0942
20251215529DC397;16;2025-12-15T20:00:00Z;completed;Rayo Vallecano;Real Betis Balompié;Team Total Fouls;visitante;10,5;1,96;1,71;CONSENSUS_CODERE_STYLE;1,0950;cierre consensus -> mu-0.19, linea centrada, margen 1.0958
20251219E059C609;17;2025-12-19T20:00:00Z;completed;Valencia CF;Real Club Deportivo Mallorca;Total Fouls;;25,5;1,85;1,81;CONSENSUS_CODERE_STYLE;1,0930;apertura consensus -> mu-0.53, linea centrada, margen 1.0937
20251219E059C609;17;2025-12-19T20:00:00Z;completed;Valencia CF;Real Club Deportivo Mallorca;Team Total Fouls;local;13,5;1,79;1,87;CONSENSUS_CODERE_STYLE;1,0934;apertura consensus -> mu-0.19, linea centrada, margen 1.0942
20251219E059C609;17;2025-12-19T20:00:00Z;completed;Valencia CF;Real Club Deportivo Mallorca;Team Total Fouls;visitante;12,5;1,82;1,83;CONSENSUS_CODERE_STYLE;1,0959;apertura consensus -> mu-0.19, linea centrada, margen 1.0958
202512200DBF6DE0;17;2025-12-20T13:00:00Z;completed;Real Oviedo;Real Club Celta de Vigo;Total Fouls;;21,5;1,75;1,92;CONSENSUS_CODERE_STYLE;1,0923;apertura consensus -> mu-0.53, linea centrada, margen 1.0937
202512200DBF6DE0;17;2025-12-20T13:00:00Z;completed;Real Oviedo;Real Club Celta de Vigo;Team Total Fouls;local;11,5;1,90;1,76;CONSENSUS_CODERE_STYLE;1,0945;apertura consensus -> mu-0.19, linea centrada, margen 1.0942
202512200DBF6DE0;17;2025-12-20T13:00:00Z;completed;Real Oviedo;Real Club Celta de Vigo;Team Total Fouls;visitante;12,5;2,02;1,66;CONSENSUS_CODERE_STYLE;1,0975;apertura consensus -> mu-0.19, linea centrada, margen 1.0958
20251220DFE15AC1;17;2025-12-20T15:15:00Z;completed;Levante UD;Real Sociedad de Fútbol;Total Fouls;;25,5;1,91;1,75;CONSENSUS_CODERE_STYLE;1,0950;apertura consensus -> mu-0.53, linea centrada, margen 1.0937
20251220DFE15AC1;17;2025-12-20T15:15:00Z;completed;Levante UD;Real Sociedad de Fútbol;Team Total Fouls;local;11,5;1,83;1,83;CONSENSUS_CODERE_STYLE;1,0929;apertura consensus -> mu-0.19, linea centrada, margen 1.0942
20251220DFE15AC1;17;2025-12-20T15:15:00Z;completed;Levante UD;Real Sociedad de Fútbol;Team Total Fouls;visitante;13,5;1,89;1,76;CONSENSUS_CODERE_STYLE;1,0973;apertura consensus -> mu-0.19, linea centrada, margen 1.0958
2025122022ACFA10;17;2025-12-20T17:30:00Z;completed;CA Osasuna;Deportivo Alavés;Total Fouls;;25,5;1,87;1,79;CONSENSUS_CODERE_STYLE;1,0934;apertura consensus -> mu-0.53, linea centrada, margen 1.0937
2025122022ACFA10;17;2025-12-20T17:30:00Z;completed;CA Osasuna;Deportivo Alavés;Team Total Fouls;local;12,5;1,96;1,72;CONSENSUS_CODERE_STYLE;1,0916;apertura consensus -> mu-0.19, linea centrada, margen 1.0942
2025122022ACFA10;17;2025-12-20T17:30:00Z;completed;CA Osasuna;Deportivo Alavés;Team Total Fouls;visitante;13,5;2,01;1,67;CONSENSUS_CODERE_STYLE;1,0963;apertura consensus -> mu-0.19, linea centrada, margen 1.0958
20251220FE89B7B5;17;2025-12-20T20:00:00Z;completed;Real Madrid CF;Sevilla FC;Total Fouls;;22,5;1,79;1,87;CONSENSUS_CODERE_STYLE;1,0934;apertura consensus -> mu-0.53, linea centrada, margen 1.0937
20251220FE89B7B5;17;2025-12-20T20:00:00Z;completed;Real Madrid CF;Sevilla FC;Team Total Fouls;local;9,5;1,98;1,70;CONSENSUS_CODERE_STYLE;1,0933;apertura consensus -> mu-0.19, linea centrada, margen 1.0942
20251220FE89B7B5;17;2025-12-20T20:00:00Z;completed;Real Madrid CF;Sevilla FC;Team Total Fouls;visitante;13,5;1,85;1,80;CONSENSUS_CODERE_STYLE;1,0961;apertura consensus -> mu-0.19, linea centrada, margen 1.0958
20251221B0BF2B92;17;2025-12-21T13:00:00Z;completed;Girona FC;Club Atlético de Madrid;Total Fouls;;22,5;1,81;1,85;CONSENSUS_CODERE_STYLE;1,0930;cierre consensus -> mu-0.53, linea centrada, margen 1.0937
20251221B0BF2B92;17;2025-12-21T13:00:00Z;completed;Girona FC;Club Atlético de Madrid;Team Total Fouls;local;10,5;1,89;1,77;CONSENSUS_CODERE_STYLE;1,0941;cierre consensus -> mu-0.19, linea centrada, margen 1.0942
20251221B0BF2B92;17;2025-12-21T13:00:00Z;completed;Girona FC;Club Atlético de Madrid;Team Total Fouls;visitante;12,5;1,78;1,87;CONSENSUS_CODERE_STYLE;1,0966;cierre consensus -> mu-0.19, linea centrada, margen 1.0958
20251221EA5E8D30;17;2025-12-21T15:15:00Z;completed;Villarreal CF;FC Barcelona;Total Fouls;;21,5;1,76;1,91;CONSENSUS_CODERE_STYLE;1,0917;cierre consensus -> mu-0.53, linea centrada, margen 1.0937
20251221EA5E8D30;17;2025-12-21T15:15:00Z;completed;Villarreal CF;FC Barcelona;Team Total Fouls;local;12,5;1,89;1,77;CONSENSUS_CODERE_STYLE;1,0941;cierre consensus -> mu-0.19, linea centrada, margen 1.0942
20251221EA5E8D30;17;2025-12-21T15:15:00Z;completed;Villarreal CF;FC Barcelona;Team Total Fouls;visitante;10,5;1,94;1,72;CONSENSUS_CODERE_STYLE;1,0969;cierre consensus -> mu-0.19, linea centrada, margen 1.0958
20251221E9470ADB;17;2025-12-21T17:30:00Z;completed;Elche CF;Rayo Vallecano;Total Fouls;;26,5;1,80;1,86;CONSENSUS_CODERE_STYLE;1,0932;cierre consensus -> mu-0.53, linea centrada, margen 1.0937
20251221E9470ADB;17;2025-12-21T17:30:00Z;completed;Elche CF;Rayo Vallecano;Team Total Fouls;local;12,5;1,87;1,78;CONSENSUS_CODERE_STYLE;1,0966;cierre consensus -> mu-0.19, linea centrada, margen 1.0942
20251221E9470ADB;17;2025-12-21T17:30:00Z;completed;Elche CF;Rayo Vallecano;Team Total Fouls;visitante;14,5;1,86;1,80;CONSENSUS_CODERE_STYLE;1,0932;cierre consensus -> mu-0.19, linea centrada, margen 1.0958
20251221A13A9C53;17;2025-12-21T20:00:00Z;completed;Real Betis Balompié;Getafe CF;Total Fouls;;27,5;1,92;1,75;CONSENSUS_CODERE_STYLE;1,0923;cierre consensus -> mu-0.53, linea centrada, margen 1.0937
20251221A13A9C53;17;2025-12-21T20:00:00Z;completed;Real Betis Balompié;Getafe CF;Team Total Fouls;local;11,5;1,86;1,80;CONSENSUS_CODERE_STYLE;1,0932;cierre consensus -> mu-0.19, linea centrada, margen 1.0942
20251221A13A9C53;17;2025-12-21T20:00:00Z;completed;Real Betis Balompié;Getafe CF;Team Total Fouls;visitante;15,5;1,95;1,71;CONSENSUS_CODERE_STYLE;1,0976;cierre consensus -> mu-0.19, linea centrada, margen 1.0958
202512226F5FFECF;17;2025-12-22T20:00:00Z;completed;Athletic Club Bilbao;Reial Club Deportiu Espanyol;Total Fouls;;25,5;1,75;1,91;CONSENSUS_CODERE_STYLE;1,0950;cierre consensus -> mu-0.53, linea centrada, margen 1.0937
202512226F5FFECF;17;2025-12-22T20:00:00Z;completed;Athletic Club Bilbao;Reial Club Deportiu Espanyol;Team Total Fouls;local;13,5;1,86;1,80;CONSENSUS_CODERE_STYLE;1,0932;cierre consensus -> mu-0.19, linea centrada, margen 1.0942
202512226F5FFECF;17;2025-12-22T20:00:00Z;completed;Athletic Club Bilbao;Reial Club Deportiu Espanyol;Team Total Fouls;visitante;13,5;1,86;1,79;CONSENSUS_CODERE_STYLE;1,0963;cierre consensus -> mu-0.19, linea centrada, margen 1.0958
2026010297559AEF;18;2026-01-02T20:00:00Z;completed;Rayo Vallecano;Getafe CF;Total Fouls;;27,5;1,91;1,76;CONSENSUS_CODERE_STYLE;1,0917;cierre consensus -> mu-0.53, linea centrada, margen 1.0937
2026010297559AEF;18;2026-01-02T20:00:00Z;completed;Rayo Vallecano;Getafe CF;Team Total Fouls;local;14,5;1,95;1,72;CONSENSUS_CODERE_STYLE;1,0942;cierre consensus -> mu-0.19, linea centrada, margen 1.0942
2026010297559AEF;18;2026-01-02T20:00:00Z;completed;Rayo Vallecano;Getafe CF;Team Total Fouls;visitante;13,5;1,86;1,79;CONSENSUS_CODERE_STYLE;1,0963;cierre consensus -> mu-0.19, linea centrada, margen 1.0958
20260103B1366222;18;2026-01-03T13:00:00Z;completed;Real Club Celta de Vigo;Valencia CF;Total Fouls;;22,5;1,86;1,80;CONSENSUS_CODERE_STYLE;1,0932;cierre consensus -> mu-0.53, linea centrada, margen 1.0937
20260103B1366222;18;2026-01-03T13:00:00Z;completed;Real Club Celta de Vigo;Valencia CF;Team Total Fouls;local;11,5;1,88;1,77;CONSENSUS_CODERE_STYLE;1,0969;cierre consensus -> mu-0.19, linea centrada, margen 1.0942
20260103B1366222;18;2026-01-03T13:00:00Z;completed;Real Club Celta de Vigo;Valencia CF;Team Total Fouls;visitante;11,5;1,87;1,78;CONSENSUS_CODERE_STYLE;1,0966;cierre consensus -> mu-0.19, linea centrada, margen 1.0958
202601034155E861;18;2026-01-03T15:15:00Z;completed;CA Osasuna;Athletic Club Bilbao;Total Fouls;;25,5;1,88;1,78;CONSENSUS_CODERE_STYLE;1,0937;cierre consensus -> mu-0.53, linea centrada, margen 1.0937
202601034155E861;18;2026-01-03T15:15:00Z;completed;CA Osasuna;Athletic Club Bilbao;Team Total Fouls;local;13,5;2,03;1,66;CONSENSUS_CODERE_STYLE;1,0950;cierre consensus -> mu-0.19, linea centrada, margen 1.0942
202601034155E861;18;2026-01-03T15:15:00Z;completed;CA Osasuna;Athletic Club Bilbao;Team Total Fouls;visitante;12,5;1,98;1,69;CONSENSUS_CODERE_STYLE;1,0968;cierre consensus -> mu-0.19, linea centrada, margen 1.0958
2026010363D78927;18;2026-01-03T17:30:00Z;completed;Elche CF;Villarreal CF;Total Fouls;;25,5;1,88;1,78;CONSENSUS_CODERE_STYLE;1,0937;cierre consensus -> mu-0.53, linea centrada, margen 1.0937
2026010363D78927;18;2026-01-03T17:30:00Z;completed;Elche CF;Villarreal CF;Team Total Fouls;local;11,5;1,91;1,76;CONSENSUS_CODERE_STYLE;1,0917;cierre consensus -> mu-0.19, linea centrada, margen 1.0942
2026010363D78927;18;2026-01-03T17:30:00Z;completed;Elche CF;Villarreal CF;Team Total Fouls;visitante;14,5;1,92;1,74;CONSENSUS_CODERE_STYLE;1,0955;cierre consensus -> mu-0.19, linea centrada, margen 1.0958
20260103C083C37B;18;2026-01-03T20:00:00Z;completed;Reial Club Deportiu Espanyol;FC Barcelona;Total Fouls;;24,5;1,88;1,78;CONSENSUS_CODERE_STYLE;1,0937;cierre consensus -> mu-0.53, linea centrada, margen 1.0937
20260103C083C37B;18;2026-01-03T20:00:00Z;completed;Reial Club Deportiu Espanyol;FC Barcelona;Team Total Fouls;local;13,5;1,89;1,77;CONSENSUS_CODERE_STYLE;1,0941;cierre consensus -> mu-0.19, linea centrada, margen 1.0942
20260103C083C37B;18;2026-01-03T20:00:00Z;completed;Reial Club Deportiu Espanyol;FC Barcelona;Team Total Fouls;visitante;10,5;1,87;1,78;CONSENSUS_CODERE_STYLE;1,0966;cierre consensus -> mu-0.19, linea centrada, margen 1.0958
20260104F32AB0C3;18;2026-01-04T13:00:00Z;completed;Sevilla FC;Levante UD;Total Fouls;;26,5;1,75;1,92;CONSENSUS_CODERE_STYLE;1,0923;cierre consensus -> mu-0.53, linea centrada, margen 1.0937
20260104F32AB0C3;18;2026-01-04T13:00:00Z;completed;Sevilla FC;Levante UD;Team Total Fouls;local;14,5;1,88;1,78;CONSENSUS_CODERE_STYLE;1,0937;cierre consensus -> mu-0.19, linea centrada, margen 1.0942
20260104F32AB0C3;18;2026-01-04T13:00:00Z;completed;Sevilla FC;Levante UD;Team Total Fouls;visitante;13,5;1,88;1,78;CONSENSUS_CODERE_STYLE;1,0937;cierre consensus -> mu-0.19, linea centrada, margen 1.0958
20260104F4B88227;18;2026-01-04T15:15:00Z;completed;Real Madrid CF;Real Betis Balompié;Total Fouls;;22,5;1,87;1,79;CONSENSUS_CODERE_STYLE;1,0934;cierre consensus -> mu-0.53, linea centrada, margen 1.0937
20260104F4B88227;18;2026-01-04T15:15:00Z;completed;Real Madrid CF;Real Betis Balompié;Team Total Fouls;local;10,5;1,92;1,75;CONSENSUS_CODERE_STYLE;1,0923;cierre consensus -> mu-0.19, linea centrada, margen 1.0942
20260104F4B88227;18;2026-01-04T15:15:00Z;completed;Real Madrid CF;Real Betis Balompié;Team Total Fouls;visitante;12,5;1,92;1,74;CONSENSUS_CODERE_STYLE;1,0955;cierre consensus -> mu-0.19, linea centrada, margen 1.0958
2026010452B2AC63;18;2026-01-04T17:30:00Z;completed;Real Club Deportivo Mallorca;Girona FC;Total Fouls;;25,5;1,89;1,77;CONSENSUS_CODERE_STYLE;1,0941;cierre consensus -> mu-0.53, linea centrada, margen 1.0937
2026010452B2AC63;18;2026-01-04T17:30:00Z;completed;Real Club Deportivo Mallorca;Girona FC;Team Total Fouls;local;13,5;1,96;1,71;CONSENSUS_CODERE_STYLE;1,0950;cierre consensus -> mu-0.19, linea centrada, margen 1.0942
2026010452B2AC63;18;2026-01-04T17:30:00Z;completed;Real Club Deportivo Mallorca;Girona FC;Team Total Fouls;visitante;11,5;1,92;1,74;CONSENSUS_CODERE_STYLE;1,0955;cierre consensus -> mu-0.19, linea centrada, margen 1.0958
202601047EF7F228;18;2026-01-04T17:30:00Z;completed;Deportivo Alavés;Real Oviedo;Total Fouls;;25,5;1,78;1,87;CONSENSUS_CODERE_STYLE;1,0966;cierre consensus -> mu-0.53, linea centrada, margen 1.0937
202601047EF7F228;18;2026-01-04T17:30:00Z;completed;Deportivo Alavés;Real Oviedo;Team Total Fouls;local;13,5;1,92;1,74;CONSENSUS_CODERE_STYLE;1,0955;cierre consensus -> mu-0.19, linea centrada, margen 1.0942
202601047EF7F228;18;2026-01-04T17:30:00Z;completed;Deportivo Alavés;Real Oviedo;Team Total Fouls;visitante;12,5;1,82;1,83;CONSENSUS_CODERE_STYLE;1,0959;cierre consensus -> mu-0.19, linea centrada, margen 1.0958
202601045DCF8803;18;2026-01-04T20:00:00Z;completed;Real Sociedad de Fútbol;Club Atlético de Madrid;Total Fouls;;25,5;1,88;1,78;CONSENSUS_CODERE_STYLE;1,0937;cierre consensus -> mu-0.53, linea centrada, margen 1.0937
202601045DCF8803;18;2026-01-04T20:00:00Z;completed;Real Sociedad de Fútbol;Club Atlético de Madrid;Team Total Fouls;local;14,5;1,96;1,71;CONSENSUS_CODERE_STYLE;1,0950;cierre consensus -> mu-0.19, linea centrada, margen 1.0942
202601045DCF8803;18;2026-01-04T20:00:00Z;completed;Real Sociedad de Fútbol;Club Atlético de Madrid;Team Total Fouls;visitante;12,5;1,94;1,72;CONSENSUS_CODERE_STYLE;1,0969;cierre consensus -> mu-0.19, linea centrada, margen 1.0958
20260109E0070B5A;19;2026-01-09T20:00:00Z;completed;Getafe CF;Real Sociedad de Fútbol;Total Fouls;;26,5;1,75;1,91;CONSENSUS_CODERE_STYLE;1,0950;cierre consensus -> mu-0.53, linea centrada, margen 1.0937
20260109E0070B5A;19;2026-01-09T20:00:00Z;completed;Getafe CF;Real Sociedad de Fútbol;Team Total Fouls;local;13,5;1,92;1,74;CONSENSUS_CODERE_STYLE;1,0955;cierre consensus -> mu-0.19, linea centrada, margen 1.0942
20260109E0070B5A;19;2026-01-09T20:00:00Z;completed;Getafe CF;Real Sociedad de Fútbol;Team Total Fouls;visitante;14,5;1,89;1,76;CONSENSUS_CODERE_STYLE;1,0973;cierre consensus -> mu-0.19, linea centrada, margen 1.0958
20260110031DC7FA;19;2026-01-10T13:00:00Z;completed;Real Oviedo;Real Betis Balompié;Total Fouls;;24,5;1,89;1,77;CONSENSUS_CODERE_STYLE;1,0941;cierre consensus -> mu-0.53, linea centrada, margen 1.0937
20260110031DC7FA;19;2026-01-10T13:00:00Z;completed;Real Oviedo;Real Betis Balompié;Team Total Fouls;local;13,5;1,95;1,72;CONSENSUS_CODERE_STYLE;1,0942;cierre consensus -> mu-0.19, linea centrada, margen 1.0942
20260110031DC7FA;19;2026-01-10T13:00:00Z;completed;Real Oviedo;Real Betis Balompié;Team Total Fouls;visitante;10,5;1,94;1,73;CONSENSUS_CODERE_STYLE;1,0935;cierre consensus -> mu-0.19, linea centrada, margen 1.0958
20260110A5D91743;19;2026-01-10T15:15:00Z;completed;Villarreal CF;Deportivo Alavés;Total Fouls;;25,5;1,75;1,92;CONSENSUS_CODERE_STYLE;1,0923;cierre consensus -> mu-0.53, linea centrada, margen 1.0937
20260110A5D91743;19;2026-01-10T15:15:00Z;completed;Villarreal CF;Deportivo Alavés;Team Total Fouls;local;12,5;1,88;1,77;CONSENSUS_CODERE_STYLE;1,0969;cierre consensus -> mu-0.19, linea centrada, margen 1.0942
20260110A5D91743;19;2026-01-10T15:15:00Z;completed;Villarreal CF;Deportivo Alavés;Team Total Fouls;visitante;14,5;1,91;1,75;CONSENSUS_CODERE_STYLE;1,0950;cierre consensus -> mu-0.19, linea centrada, margen 1.0958
2026011061092742;19;2026-01-10T17:30:00Z;completed;Girona FC;CA Osasuna;Total Fouls;;23,5;1,79;1,87;CONSENSUS_CODERE_STYLE;1,0934;cierre consensus -> mu-0.53, linea centrada, margen 1.0937
2026011061092742;19;2026-01-10T17:30:00Z;completed;Girona FC;CA Osasuna;Team Total Fouls;local;10,5;1,94;1,73;CONSENSUS_CODERE_STYLE;1,0935;cierre consensus -> mu-0.19, linea centrada, margen 1.0942
2026011061092742;19;2026-01-10T17:30:00Z;completed;Girona FC;CA Osasuna;Team Total Fouls;visitante;13,5;1,93;1,73;CONSENSUS_CODERE_STYLE;1,0962;cierre consensus -> mu-0.19, linea centrada, margen 1.0958
20260110D34E61E4;19;2026-01-10T20:00:00Z;completed;Valencia CF;Elche CF;Total Fouls;;24,5;1,91;1,75;CONSENSUS_CODERE_STYLE;1,0950;cierre consensus -> mu-0.53, linea centrada, margen 1.0937
20260110D34E61E4;19;2026-01-10T20:00:00Z;completed;Valencia CF;Elche CF;Team Total Fouls;local;12,5;1,88;1,78;CONSENSUS_CODERE_STYLE;1,0937;cierre consensus -> mu-0.19, linea centrada, margen 1.0942
20260110D34E61E4;19;2026-01-10T20:00:00Z;completed;Valencia CF;Elche CF;Team Total Fouls;visitante;12,5;1,89;1,76;CONSENSUS_CODERE_STYLE;1,0973;cierre consensus -> mu-0.19, linea centrada, margen 1.0958
202601116D85495C;19;2026-01-11T13:00:00Z;completed;Rayo Vallecano;Real Club Deportivo Mallorca;Total Fouls;;25,5;1,84;1,82;CONSENSUS_CODERE_STYLE;1,0929;cierre consensus -> mu-0.53, linea centrada, margen 1.0937
202601116D85495C;19;2026-01-11T13:00:00Z;completed;Rayo Vallecano;Real Club Deportivo Mallorca;Team Total Fouls;local;14,5;1,88;1,78;CONSENSUS_CODERE_STYLE;1,0937;cierre consensus -> mu-0.19, linea centrada, margen 1.0942
202601116D85495C;19;2026-01-11T13:00:00Z;completed;Rayo Vallecano;Real Club Deportivo Mallorca;Team Total Fouls;visitante;11,5;1,85;1,80;CONSENSUS_CODERE_STYLE;1,0961;cierre consensus -> mu-0.19, linea centrada, margen 1.0958
202601110CE04B2B;19;2026-01-11T15:15:00Z;completed;Levante UD;Reial Club Deportiu Espanyol;Total Fouls;;24,5;1,78;1,88;CONSENSUS_CODERE_STYLE;1,0937;cierre consensus -> mu-0.53, linea centrada, margen 1.0937
202601110CE04B2B;19;2026-01-11T15:15:00Z;completed;Levante UD;Reial Club Deportiu Espanyol;Team Total Fouls;local;12,5;1,94;1,72;CONSENSUS_CODERE_STYLE;1,0969;cierre consensus -> mu-0.19, linea centrada, margen 1.0942
202601110CE04B2B;19;2026-01-11T15:15:00Z;completed;Levante UD;Reial Club Deportiu Espanyol;Team Total Fouls;visitante;12,5;1,91;1,75;CONSENSUS_CODERE_STYLE;1,0950;cierre consensus -> mu-0.19, linea centrada, margen 1.0958
20260112D0A1173B;19;2026-01-12T20:00:00Z;completed;Sevilla FC;Real Club Celta de Vigo;Total Fouls;;25,5;1,75;1,92;CONSENSUS_CODERE_STYLE;1,0923;cierre consensus -> mu-0.53, linea centrada, margen 1.0937
20260112D0A1173B;19;2026-01-12T20:00:00Z;completed;Sevilla FC;Real Club Celta de Vigo;Team Total Fouls;local;13,5;1,79;1,87;CONSENSUS_CODERE_STYLE;1,0934;cierre consensus -> mu-0.19, linea centrada, margen 1.0942
20260112D0A1173B;19;2026-01-12T20:00:00Z;completed;Sevilla FC;Real Club Celta de Vigo;Team Total Fouls;visitante;12,5;1,89;1,76;CONSENSUS_CODERE_STYLE;1,0973;cierre consensus -> mu-0.19, linea centrada, margen 1.0958
202601160295715F;20;2026-01-16T20:00:00Z;completed;Reial Club Deportiu Espanyol;Girona FC;Total Fouls;;25,5;1,92;1,75;CONSENSUS_CODERE_STYLE;1,0923;cierre consensus -> mu-0.53, linea centrada, margen 1.0937
202601160295715F;20;2026-01-16T20:00:00Z;completed;Reial Club Deportiu Espanyol;Girona FC;Team Total Fouls;local;13,5;1,83;1,83;CONSENSUS_CODERE_STYLE;1,0929;cierre consensus -> mu-0.19, linea centrada, margen 1.0942
202601160295715F;20;2026-01-16T20:00:00Z;completed;Reial Club Deportiu Espanyol;Girona FC;Team Total Fouls;visitante;12,5;1,86;1,79;CONSENSUS_CODERE_STYLE;1,0963;cierre consensus -> mu-0.19, linea centrada, margen 1.0958
2026011797588D1B;20;2026-01-17T13:00:00Z;completed;Real Madrid CF;Levante UD;Total Fouls;;23,5;1,85;1,80;CONSENSUS_CODERE_STYLE;1,0961;cierre consensus -> mu-0.53, linea centrada, margen 1.0937
2026011797588D1B;20;2026-01-17T13:00:00Z;completed;Real Madrid CF;Levante UD;Team Total Fouls;local;10,5;1,87;1,79;CONSENSUS_CODERE_STYLE;1,0934;cierre consensus -> mu-0.19, linea centrada, margen 1.0942
2026011797588D1B;20;2026-01-17T13:00:00Z;completed;Real Madrid CF;Levante UD;Team Total Fouls;visitante;12,5;1,85;1,80;CONSENSUS_CODERE_STYLE;1,0961;cierre consensus -> mu-0.19, linea centrada, margen 1.0958
20260117C2CC0457;20;2026-01-17T15:15:00Z;completed;Real Club Deportivo Mallorca;Athletic Club Bilbao;Total Fouls;;24,5;1,81;1,85;CONSENSUS_CODERE_STYLE;1,0930;cierre consensus -> mu-0.53, linea centrada, margen 1.0937
20260117C2CC0457;20;2026-01-17T15:15:00Z;completed;Real Club Deportivo Mallorca;Athletic Club Bilbao;Team Total Fouls;local;11,5;1,86;1,80;CONSENSUS_CODERE_STYLE;1,0932;cierre consensus -> mu-0.19, linea centrada, margen 1.0942
20260117C2CC0457;20;2026-01-17T15:15:00Z;completed;Real Club Deportivo Mallorca;Athletic Club Bilbao;Team Total Fouls;visitante;13,5;1,94;1,73;CONSENSUS_CODERE_STYLE;1,0935;cierre consensus -> mu-0.19, linea centrada, margen 1.0958
2026011713C497C7;20;2026-01-17T17:30:00Z;completed;CA Osasuna;Real Oviedo;Total Fouls;;24,5;1,89;1,77;CONSENSUS_CODERE_STYLE;1,0941;apertura consensus -> mu-0.53, linea centrada, margen 1.0937
2026011713C497C7;20;2026-01-17T17:30:00Z;completed;CA Osasuna;Real Oviedo;Team Total Fouls;local;12,5;1,92;1,74;CONSENSUS_CODERE_STYLE;1,0955;apertura consensus -> mu-0.19, linea centrada, margen 1.0942
2026011713C497C7;20;2026-01-17T17:30:00Z;completed;CA Osasuna;Real Oviedo;Team Total Fouls;visitante;12,5;1,93;1,73;CONSENSUS_CODERE_STYLE;1,0962;apertura consensus -> mu-0.19, linea centrada, margen 1.0958
20260117A1434EED;20;2026-01-17T20:00:00Z;completed;Real Betis Balompié;Villarreal CF;Total Fouls;;22,5;1,75;1,91;CONSENSUS_CODERE_STYLE;1,0950;cierre consensus -> mu-0.53, linea centrada, margen 1.0937
20260117A1434EED;20;2026-01-17T20:00:00Z;completed;Real Betis Balompié;Villarreal CF;Team Total Fouls;local;11,5;2,02;1,67;CONSENSUS_CODERE_STYLE;1,0939;cierre consensus -> mu-0.19, linea centrada, margen 1.0942
20260117A1434EED;20;2026-01-17T20:00:00Z;completed;Real Betis Balompié;Villarreal CF;Team Total Fouls;visitante;14,5;1,93;1,73;CONSENSUS_CODERE_STYLE;1,0962;cierre consensus -> mu-0.19, linea centrada, margen 1.0958
20260118142DF777;20;2026-01-18T13:00:00Z;completed;Getafe CF;Valencia CF;Total Fouls;;26,5;1,76;1,90;CONSENSUS_CODERE_STYLE;1,0945;apertura consensus -> mu-0.53, linea centrada, margen 1.0937
20260118142DF777;20;2026-01-18T13:00:00Z;completed;Getafe CF;Valencia CF;Team Total Fouls;local;14,5;1,89;1,77;CONSENSUS_CODERE_STYLE;1,0941;apertura consensus -> mu-0.19, linea centrada, margen 1.0942
20260118142DF777;20;2026-01-18T13:00:00Z;completed;Getafe CF;Valencia CF;Team Total Fouls;visitante;13,5;1,94;1,72;CONSENSUS_CODERE_STYLE;1,0969;apertura consensus -> mu-0.19, linea centrada, margen 1.0958
20260118991E237F;20;2026-01-18T15:15:00Z;completed;Club Atlético de Madrid;Deportivo Alavés;Total Fouls;;24,5;1,88;1,78;CONSENSUS_CODERE_STYLE;1,0937;apertura consensus -> mu-0.53, linea centrada, margen 1.0937
20260118991E237F;20;2026-01-18T15:15:00Z;completed;Club Atlético de Madrid;Deportivo Alavés;Team Total Fouls;local;11,5;1,83;1,83;CONSENSUS_CODERE_STYLE;1,0929;apertura consensus -> mu-0.19, linea centrada, margen 1.0942
20260118991E237F;20;2026-01-18T15:15:00Z;completed;Club Atlético de Madrid;Deportivo Alavés;Team Total Fouls;visitante;13,5;1,95;1,71;CONSENSUS_CODERE_STYLE;1,0976;apertura consensus -> mu-0.19, linea centrada, margen 1.0958
20260118CDCFF0D1;20;2026-01-18T17:30:00Z;completed;Real Club Celta de Vigo;Rayo Vallecano;Total Fouls;;24,5;1,92;1,75;CONSENSUS_CODERE_STYLE;1,0923;apertura consensus -> mu-0.53, linea centrada, margen 1.0937
20260118CDCFF0D1;20;2026-01-18T17:30:00Z;completed;Real Club Celta de Vigo;Rayo Vallecano;Team Total Fouls;local;11,5;1,98;1,70;CONSENSUS_CODERE_STYLE;1,0933;apertura consensus -> mu-0.19, linea centrada, margen 1.0942
20260118CDCFF0D1;20;2026-01-18T17:30:00Z;completed;Real Club Celta de Vigo;Rayo Vallecano;Team Total Fouls;visitante;13,5;1,94;1,72;CONSENSUS_CODERE_STYLE;1,0969;apertura consensus -> mu-0.19, linea centrada, margen 1.0958
20260118BF3A5D29;20;2026-01-18T20:00:00Z;completed;Real Sociedad de Fútbol;FC Barcelona;Total Fouls;;23,5;1,88;1,78;CONSENSUS_CODERE_STYLE;1,0937;apertura consensus -> mu-0.53, linea centrada, margen 1.0937
20260118BF3A5D29;20;2026-01-18T20:00:00Z;completed;Real Sociedad de Fútbol;FC Barcelona;Team Total Fouls;local;13,5;1,86;1,80;CONSENSUS_CODERE_STYLE;1,0932;apertura consensus -> mu-0.19, linea centrada, margen 1.0942
20260118BF3A5D29;20;2026-01-18T20:00:00Z;completed;Real Sociedad de Fútbol;FC Barcelona;Team Total Fouls;visitante;9,5;1,86;1,79;CONSENSUS_CODERE_STYLE;1,0963;apertura consensus -> mu-0.19, linea centrada, margen 1.0958
202601192CDF89BF;20;2026-01-19T20:00:00Z;completed;Elche CF;Sevilla FC;Total Fouls;;25,5;1,77;1,89;CONSENSUS_CODERE_STYLE;1,0941;cierre consensus -> mu-0.53, linea centrada, margen 1.0937
202601192CDF89BF;20;2026-01-19T20:00:00Z;completed;Elche CF;Sevilla FC;Team Total Fouls;local;11,5;1,99;1,69;CONSENSUS_CODERE_STYLE;1,0942;cierre consensus -> mu-0.19, linea centrada, margen 1.0942
202601192CDF89BF;20;2026-01-19T20:00:00Z;completed;Elche CF;Sevilla FC;Team Total Fouls;visitante;14,5;1,91;1,74;CONSENSUS_CODERE_STYLE;1,0983;cierre consensus -> mu-0.19, linea centrada, margen 1.0958
20260123A3B96EFC;21;2026-01-23T20:00:00Z;completed;Levante UD;Elche CF;Total Fouls;;26,5;1,82;1,84;CONSENSUS_CODERE_STYLE;1,0929;cierre consensus -> mu-0.53, linea centrada, margen 1.0937
20260123A3B96EFC;21;2026-01-23T20:00:00Z;completed;Levante UD;Elche CF;Team Total Fouls;local;14,5;2,00;1,68;CONSENSUS_CODERE_STYLE;1,0952;cierre consensus -> mu-0.19, linea centrada, margen 1.0942
20260123A3B96EFC;21;2026-01-23T20:00:00Z;completed;Levante UD;Elche CF;Team Total Fouls;visitante;13,5;1,92;1,74;CONSENSUS_CODERE_STYLE;1,0955;cierre consensus -> mu-0.19, linea centrada, margen 1.0958
20260124131A1C55;21;2026-01-24T13:00:00Z;completed;Rayo Vallecano;CA Osasuna;Total Fouls;;25,5;1,92;1,74;CONSENSUS_CODERE_STYLE;1,0955;cierre consensus -> mu-0.53, linea centrada, margen 1.0937
20260124131A1C55;21;2026-01-24T13:00:00Z;completed;Rayo Vallecano;CA Osasuna;Team Total Fouls;local;12,5;1,87;1,79;CONSENSUS_CODERE_STYLE;1,0934;cierre consensus -> mu-0.19, linea centrada, margen 1.0942
20260124131A1C55;21;2026-01-24T13:00:00Z;completed;Rayo Vallecano;CA Osasuna;Team Total Fouls;visitante;12,5;1,85;1,80;CONSENSUS_CODERE_STYLE;1,0961;cierre consensus -> mu-0.19, linea centrada, margen 1.0958
20260124421A44AB;21;2026-01-24T15:15:00Z;completed;Valencia CF;Reial Club Deportiu Espanyol;Total Fouls;;23,5;1,76;1,90;CONSENSUS_CODERE_STYLE;1,0945;cierre consensus -> mu-0.53, linea centrada, margen 1.0937
20260124421A44AB;21;2026-01-24T15:15:00Z;completed;Valencia CF;Reial Club Deportiu Espanyol;Team Total Fouls;local;11,5;1,87;1,78;CONSENSUS_CODERE_STYLE;1,0966;cierre consensus -> mu-0.19, linea centrada, margen 1.0942
20260124421A44AB;21;2026-01-24T15:15:00Z;completed;Valencia CF;Reial Club Deportiu Espanyol;Team Total Fouls;visitante;12,5;1,86;1,79;CONSENSUS_CODERE_STYLE;1,0963;cierre consensus -> mu-0.19, linea centrada, margen 1.0958
2026012425FBA536;21;2026-01-24T17:30:00Z;completed;Sevilla FC;Athletic Club Bilbao;Total Fouls;;25,5;1,77;1,89;CONSENSUS_CODERE_STYLE;1,0941;cierre consensus -> mu-0.53, linea centrada, margen 1.0937
2026012425FBA536;21;2026-01-24T17:30:00Z;completed;Sevilla FC;Athletic Club Bilbao;Team Total Fouls;local;14,5;1,78;1,88;CONSENSUS_CODERE_STYLE;1,0937;cierre consensus -> mu-0.19, linea centrada, margen 1.0942
2026012425FBA536;21;2026-01-24T17:30:00Z;completed;Sevilla FC;Athletic Club Bilbao;Team Total Fouls;visitante;12,5;1,91;1,74;CONSENSUS_CODERE_STYLE;1,0983;cierre consensus -> mu-0.19, linea centrada, margen 1.0958
202601244A22DF0A;21;2026-01-24T20:00:00Z;completed;Villarreal CF;Real Madrid CF;Total Fouls;;23,5;1,86;1,79;CONSENSUS_CODERE_STYLE;1,0963;cierre consensus -> mu-0.53, linea centrada, margen 1.0937
202601244A22DF0A;21;2026-01-24T20:00:00Z;completed;Villarreal CF;Real Madrid CF;Team Total Fouls;local;13,5;1,88;1,77;CONSENSUS_CODERE_STYLE;1,0969;cierre consensus -> mu-0.19, linea centrada, margen 1.0942
202601244A22DF0A;21;2026-01-24T20:00:00Z;completed;Villarreal CF;Real Madrid CF;Team Total Fouls;visitante;11,5;2,00;1,68;CONSENSUS_CODERE_STYLE;1,0952;cierre consensus -> mu-0.19, linea centrada, margen 1.0958
20260125009A8161;21;2026-01-25T13:00:00Z;completed;Club Atlético de Madrid;Real Club Deportivo Mallorca;Total Fouls;;23,5;1,90;1,77;CONSENSUS_CODERE_STYLE;1,0913;cierre consensus -> mu-0.53, linea centrada, margen 1.0937
20260125009A8161;21;2026-01-25T13:00:00Z;completed;Club Atlético de Madrid;Real Club Deportivo Mallorca;Team Total Fouls;local;12,5;1,88;1,78;CONSENSUS_CODERE_STYLE;1,0937;cierre consensus -> mu-0.19, linea centrada, margen 1.0942
20260125009A8161;21;2026-01-25T13:00:00Z;completed;Club Atlético de Madrid;Real Club Deportivo Mallorca;Team Total Fouls;visitante;11,5;1,90;1,76;CONSENSUS_CODERE_STYLE;1,0945;cierre consensus -> mu-0.19, linea centrada, margen 1.0958
202601257D4CDB7B;21;2026-01-25T15:15:00Z;completed;FC Barcelona;Real Oviedo;Total Fouls;;20,5;1,75;1,91;CONSENSUS_CODERE_STYLE;1,0950;cierre consensus -> mu-0.53, linea centrada, margen 1.0937
202601257D4CDB7B;21;2026-01-25T15:15:00Z;completed;FC Barcelona;Real Oviedo;Team Total Fouls;local;8,5;1,94;1,73;CONSENSUS_CODERE_STYLE;1,0935;cierre consensus -> mu-0.19, linea centrada, margen 1.0942
202601257D4CDB7B;21;2026-01-25T15:15:00Z;completed;FC Barcelona;Real Oviedo;Team Total Fouls;visitante;11,5;1,87;1,78;CONSENSUS_CODERE_STYLE;1,0966;cierre consensus -> mu-0.19, linea centrada, margen 1.0958
20260125B980B5BD;21;2026-01-25T17:30:00Z;completed;Real Sociedad de Fútbol;Real Club Celta de Vigo;Total Fouls;;25,5;1,74;1,92;CONSENSUS_CODERE_STYLE;1,0955;cierre consensus -> mu-0.53, linea centrada, margen 1.0937
20260125B980B5BD;21;2026-01-25T17:30:00Z;completed;Real Sociedad de Fútbol;Real Club Celta de Vigo;Team Total Fouls;local;14,5;1,95;1,72;CONSENSUS_CODERE_STYLE;1,0942;cierre consensus -> mu-0.19, linea centrada, margen 1.0942
20260125B980B5BD;21;2026-01-25T17:30:00Z;completed;Real Sociedad de Fútbol;Real Club Celta de Vigo;Team Total Fouls;visitante;11,5;1,90;1,76;CONSENSUS_CODERE_STYLE;1,0945;cierre consensus -> mu-0.19, linea centrada, margen 1.0958
202601254E595236;21;2026-01-25T20:00:00Z;completed;Deportivo Alavés;Real Betis Balompié;Total Fouls;;26,5;1,87;1,79;CONSENSUS_CODERE_STYLE;1,0934;cierre consensus -> mu-0.53, linea centrada, margen 1.0937
202601254E595236;21;2026-01-25T20:00:00Z;completed;Deportivo Alavés;Real Betis Balompié;Team Total Fouls;local;14,5;1,88;1,78;CONSENSUS_CODERE_STYLE;1,0937;cierre consensus -> mu-0.19, linea centrada, margen 1.0942
202601254E595236;21;2026-01-25T20:00:00Z;completed;Deportivo Alavés;Real Betis Balompié;Team Total Fouls;visitante;11,5;1,85;1,80;CONSENSUS_CODERE_STYLE;1,0961;cierre consensus -> mu-0.19, linea centrada, margen 1.0958
202601264D7C79E3;21;2026-01-26T20:00:00Z;completed;Girona FC;Getafe CF;Total Fouls;;27,5;1,81;1,85;CONSENSUS_CODERE_STYLE;1,0930;cierre consensus -> mu-0.53, linea centrada, margen 1.0937
202601264D7C79E3;21;2026-01-26T20:00:00Z;completed;Girona FC;Getafe CF;Team Total Fouls;local;12,5;1,85;1,81;CONSENSUS_CODERE_STYLE;1,0930;cierre consensus -> mu-0.19, linea centrada, margen 1.0942
202601264D7C79E3;21;2026-01-26T20:00:00Z;completed;Girona FC;Getafe CF;Team Total Fouls;visitante;15,5;1,95;1,72;CONSENSUS_CODERE_STYLE;1,0942;cierre consensus -> mu-0.19, linea centrada, margen 1.0958
202601306F2D8403;22;2026-01-30T20:00:00Z;completed;Reial Club Deportiu Espanyol;Deportivo Alavés;Total Fouls;;27,5;1,87;1,79;CONSENSUS_CODERE_STYLE;1,0934;cierre consensus -> mu-0.53, linea centrada, margen 1.0937
202601306F2D8403;22;2026-01-30T20:00:00Z;completed;Reial Club Deportiu Espanyol;Deportivo Alavés;Team Total Fouls;local;13,5;1,94;1,72;CONSENSUS_CODERE_STYLE;1,0969;cierre consensus -> mu-0.19, linea centrada, margen 1.0942
202601306F2D8403;22;2026-01-30T20:00:00Z;completed;Reial Club Deportiu Espanyol;Deportivo Alavés;Team Total Fouls;visitante;14,5;1,84;1,81;CONSENSUS_CODERE_STYLE;1,0960;cierre consensus -> mu-0.19, linea centrada, margen 1.0958
20260131921C8D32;22;2026-01-31T13:00:00Z;completed;Real Oviedo;Girona FC;Total Fouls;;25,5;1,90;1,76;CONSENSUS_CODERE_STYLE;1,0945;cierre consensus -> mu-0.53, linea centrada, margen 1.0937
20260131921C8D32;22;2026-01-31T13:00:00Z;completed;Real Oviedo;Girona FC;Team Total Fouls;local;15,5;1,92;1,75;CONSENSUS_CODERE_STYLE;1,0923;cierre consensus -> mu-0.19, linea centrada, margen 1.0942
20260131921C8D32;22;2026-01-31T13:00:00Z;completed;Real Oviedo;Girona FC;Team Total Fouls;visitante;11,5;1,87;1,78;CONSENSUS_CODERE_STYLE;1,0966;cierre consensus -> mu-0.19, linea centrada, margen 1.0958
20260131999938A5;22;2026-01-31T15:15:00Z;completed;CA Osasuna;Villarreal CF;Total Fouls;;24,5;1,92;1,74;CONSENSUS_CODERE_STYLE;1,0955;cierre consensus -> mu-0.53, linea centrada, margen 1.0937
20260131999938A5;22;2026-01-31T15:15:00Z;completed;CA Osasuna;Villarreal CF;Team Total Fouls;local;12,5;1,84;1,81;CONSENSUS_CODERE_STYLE;1,0960;cierre consensus -> mu-0.19, linea centrada, margen 1.0942
20260131999938A5;22;2026-01-31T15:15:00Z;completed;CA Osasuna;Villarreal CF;Team Total Fouls;visitante;11,5;1,85;1,80;CONSENSUS_CODERE_STYLE;1,0961;cierre consensus -> mu-0.19, linea centrada, margen 1.0958
2026013146469935;22;2026-01-31T17:30:00Z;completed;Levante UD;Club Atlético de Madrid;Total Fouls;;21,5;1,74;1,92;CONSENSUS_CODERE_STYLE;1,0955;cierre consensus -> mu-0.53, linea centrada, margen 1.0937
2026013146469935;22;2026-01-31T17:30:00Z;completed;Levante UD;Club Atlético de Madrid;Team Total Fouls;local;10,5;1,87;1,79;CONSENSUS_CODERE_STYLE;1,0934;cierre consensus -> mu-0.19, linea centrada, margen 1.0942
2026013146469935;22;2026-01-31T17:30:00Z;completed;Levante UD;Club Atlético de Madrid;Team Total Fouls;visitante;11,5;1,88;1,77;CONSENSUS_CODERE_STYLE;1,0969;cierre consensus -> mu-0.19, linea centrada, margen 1.0958
20260131CB5D75C0;22;2026-01-31T20:00:00Z;completed;Elche CF;FC Barcelona;Total Fouls;;22,5;1,79;1,87;CONSENSUS_CODERE_STYLE;1,0934;apertura consensus -> mu-0.53, linea centrada, margen 1.0937
20260131CB5D75C0;22;2026-01-31T20:00:00Z;completed;Elche CF;FC Barcelona;Team Total Fouls;local;12,5;1,88;1,78;CONSENSUS_CODERE_STYLE;1,0937;apertura consensus -> mu-0.19, linea centrada, margen 1.0942
20260131CB5D75C0;22;2026-01-31T20:00:00Z;completed;Elche CF;FC Barcelona;Team Total Fouls;visitante;10,5;1,93;1,73;CONSENSUS_CODERE_STYLE;1,0962;apertura consensus -> mu-0.19, linea centrada, margen 1.0958
2026020117E2753E;22;2026-02-01T13:00:00Z;completed;Real Madrid CF;Rayo Vallecano;Total Fouls;;24,5;1,90;1,76;CONSENSUS_CODERE_STYLE;1,0945;cierre consensus -> mu-0.53, linea centrada, margen 1.0937
2026020117E2753E;22;2026-02-01T13:00:00Z;completed;Real Madrid CF;Rayo Vallecano;Team Total Fouls;local;10,5;1,90;1,76;CONSENSUS_CODERE_STYLE;1,0945;cierre consensus -> mu-0.19, linea centrada, margen 1.0942
2026020117E2753E;22;2026-02-01T13:00:00Z;completed;Real Madrid CF;Rayo Vallecano;Team Total Fouls;visitante;14,5;1,90;1,75;CONSENSUS_CODERE_STYLE;1,0977;cierre consensus -> mu-0.19, linea centrada, margen 1.0958
20260201755D0A8B;22;2026-02-01T15:15:00Z;completed;Real Betis Balompié;Valencia CF;Total Fouls;;24,5;1,93;1,74;CONSENSUS_CODERE_STYLE;1,0928;cierre consensus -> mu-0.53, linea centrada, margen 1.0937
20260201755D0A8B;22;2026-02-01T15:15:00Z;completed;Real Betis Balompié;Valencia CF;Team Total Fouls;local;11,5;1,85;1,80;CONSENSUS_CODERE_STYLE;1,0961;cierre consensus -> mu-0.19, linea centrada, margen 1.0942
20260201755D0A8B;22;2026-02-01T15:15:00Z;completed;Real Betis Balompié;Valencia CF;Team Total Fouls;visitante;13,5;1,92;1,74;CONSENSUS_CODERE_STYLE;1,0955;cierre consensus -> mu-0.19, linea centrada, margen 1.0958
202602018EAF8AC1;22;2026-02-01T17:30:00Z;completed;Getafe CF;Real Club Celta de Vigo;Total Fouls;;27,5;1,85;1,81;CONSENSUS_CODERE_STYLE;1,0930;cierre consensus -> mu-0.53, linea centrada, margen 1.0937
202602018EAF8AC1;22;2026-02-01T17:30:00Z;completed;Getafe CF;Real Club Celta de Vigo;Team Total Fouls;local;14,5;1,97;1,71;CONSENSUS_CODERE_STYLE;1,0924;cierre consensus -> mu-0.19, linea centrada, margen 1.0942
202602018EAF8AC1;22;2026-02-01T17:30:00Z;completed;Getafe CF;Real Club Celta de Vigo;Team Total Fouls;visitante;12,5;1,99;1,69;CONSENSUS_CODERE_STYLE;1,0942;cierre consensus -> mu-0.19, linea centrada, margen 1.0958
202602013DC98475;22;2026-02-01T20:00:00Z;completed;Athletic Club Bilbao;Real Sociedad de Fútbol;Total Fouls;;28,5;1,81;1,85;CONSENSUS_CODERE_STYLE;1,0930;cierre consensus -> mu-0.53, linea centrada, margen 1.0937
202602013DC98475;22;2026-02-01T20:00:00Z;completed;Athletic Club Bilbao;Real Sociedad de Fútbol;Team Total Fouls;local;14,5;1,92;1,74;CONSENSUS_CODERE_STYLE;1,0955;cierre consensus -> mu-0.19, linea centrada, margen 1.0942
202602013DC98475;22;2026-02-01T20:00:00Z;completed;Athletic Club Bilbao;Real Sociedad de Fútbol;Team Total Fouls;visitante;14,5;1,90;1,76;CONSENSUS_CODERE_STYLE;1,0945;cierre consensus -> mu-0.19, linea centrada, margen 1.0958
202602022CF65AF7;22;2026-02-02T20:00:00Z;completed;Real Club Deportivo Mallorca;Sevilla FC;Total Fouls;;25,5;1,82;1,83;CONSENSUS_CODERE_STYLE;1,0959;cierre consensus -> mu-0.53, linea centrada, margen 1.0937
202602022CF65AF7;22;2026-02-02T20:00:00Z;completed;Real Club Deportivo Mallorca;Sevilla FC;Team Total Fouls;local;11,5;1,91;1,75;CONSENSUS_CODERE_STYLE;1,0950;cierre consensus -> mu-0.19, linea centrada, margen 1.0942
202602022CF65AF7;22;2026-02-02T20:00:00Z;completed;Real Club Deportivo Mallorca;Sevilla FC;Team Total Fouls;visitante;14,5;1,88;1,77;CONSENSUS_CODERE_STYLE;1,0969;cierre consensus -> mu-0.19, linea centrada, margen 1.0958
202602069F2592EB;23;2026-02-06T20:00:00Z;completed;Real Club Celta de Vigo;CA Osasuna;Total Fouls;;24,5;1,86;1,80;CONSENSUS_CODERE_STYLE;1,0932;cierre consensus -> mu-0.53, linea centrada, margen 1.0937
202602069F2592EB;23;2026-02-06T20:00:00Z;completed;Real Club Celta de Vigo;CA Osasuna;Team Total Fouls;local;11,5;1,96;1,71;CONSENSUS_CODERE_STYLE;1,0950;cierre consensus -> mu-0.19, linea centrada, margen 1.0942
202602069F2592EB;23;2026-02-06T20:00:00Z;completed;Real Club Celta de Vigo;CA Osasuna;Team Total Fouls;visitante;13,5;1,95;1,72;CONSENSUS_CODERE_STYLE;1,0942;cierre consensus -> mu-0.19, linea centrada, margen 1.0958
20260207A7968AE3;23;2026-02-07T13:00:00Z;cancelled;Rayo Vallecano;Real Oviedo;Total Fouls;;24,5;1,76;1,91;CONSENSUS_CODERE_STYLE;1,0917;apertura consensus -> mu-0.53, linea centrada, margen 1.0937
20260207A7968AE3;23;2026-02-07T13:00:00Z;cancelled;Rayo Vallecano;Real Oviedo;Team Total Fouls;local;13,5;1,97;1,70;CONSENSUS_CODERE_STYLE;1,0958;apertura consensus -> mu-0.19, linea centrada, margen 1.0942
20260207A7968AE3;23;2026-02-07T13:00:00Z;cancelled;Rayo Vallecano;Real Oviedo;Team Total Fouls;visitante;12,5;1,83;1,82;CONSENSUS_CODERE_STYLE;1,0959;apertura consensus -> mu-0.19, linea centrada, margen 1.0958
202602075A4076C8;23;2026-02-07T15:15:00Z;completed;FC Barcelona;Real Club Deportivo Mallorca;Total Fouls;;20,5;1,75;1,91;CONSENSUS_CODERE_STYLE;1,0950;cierre consensus -> mu-0.53, linea centrada, margen 1.0937
202602075A4076C8;23;2026-02-07T15:15:00Z;completed;FC Barcelona;Real Club Deportivo Mallorca;Team Total Fouls;local;10,5;1,95;1,72;CONSENSUS_CODERE_STYLE;1,0942;cierre consensus -> mu-0.19, linea centrada, margen 1.0942
202602075A4076C8;23;2026-02-07T15:15:00Z;completed;FC Barcelona;Real Club Deportivo Mallorca;Team Total Fouls;visitante;11,5;1,81;1,84;CONSENSUS_CODERE_STYLE;1,0960;cierre consensus -> mu-0.19, linea centrada, margen 1.0958
20260207A49F5DF4;23;2026-02-07T20:00:00Z;completed;Real Sociedad de Fútbol;Elche CF;Total Fouls;;27,5;1,91;1,75;CONSENSUS_CODERE_STYLE;1,0950;cierre consensus -> mu-0.53, linea centrada, margen 1.0937
20260207A49F5DF4;23;2026-02-07T20:00:00Z;completed;Real Sociedad de Fútbol;Elche CF;Team Total Fouls;local;14,5;1,90;1,76;CONSENSUS_CODERE_STYLE;1,0945;cierre consensus -> mu-0.19, linea centrada, margen 1.0942
20260207A49F5DF4;23;2026-02-07T20:00:00Z;completed;Real Sociedad de Fútbol;Elche CF;Team Total Fouls;visitante;12,5;1,87;1,79;CONSENSUS_CODERE_STYLE;1,0934;cierre consensus -> mu-0.19, linea centrada, margen 1.0958
20260208FAE195E3;23;2026-02-08T13:00:00Z;completed;Deportivo Alavés;Getafe CF;Total Fouls;;30,5;1,87;1,79;CONSENSUS_CODERE_STYLE;1,0934;cierre consensus -> mu-0.53, linea centrada, margen 1.0937
20260208FAE195E3;23;2026-02-08T13:00:00Z;completed;Deportivo Alavés;Getafe CF;Team Total Fouls;local;15,5;1,87;1,78;CONSENSUS_CODERE_STYLE;1,0966;cierre consensus -> mu-0.19, linea centrada, margen 1.0942
20260208FAE195E3;23;2026-02-08T13:00:00Z;completed;Deportivo Alavés;Getafe CF;Team Total Fouls;visitante;15,5;1,85;1,80;CONSENSUS_CODERE_STYLE;1,0961;cierre consensus -> mu-0.19, linea centrada, margen 1.0958
202602074DAA6449;23;2026-02-08T15:15:00Z;completed;Sevilla FC;Girona FC;Total Fouls;;26,5;1,83;1,83;CONSENSUS_CODERE_STYLE;1,0929;cierre consensus -> mu-0.53, linea centrada, margen 1.0937
202602074DAA6449;23;2026-02-08T15:15:00Z;completed;Sevilla FC;Girona FC;Team Total Fouls;local;14,5;1,96;1,71;CONSENSUS_CODERE_STYLE;1,0950;cierre consensus -> mu-0.19, linea centrada, margen 1.0942
202602074DAA6449;23;2026-02-08T15:15:00Z;completed;Sevilla FC;Girona FC;Team Total Fouls;visitante;12,5;1,85;1,80;CONSENSUS_CODERE_STYLE;1,0961;cierre consensus -> mu-0.19, linea centrada, margen 1.0958
20260208F43EA5DB;23;2026-02-08T15:15:00Z;completed;Athletic Club Bilbao;Levante UD;Total Fouls;;24,5;1,79;1,87;CONSENSUS_CODERE_STYLE;1,0934;cierre consensus -> mu-0.53, linea centrada, margen 1.0937
20260208F43EA5DB;23;2026-02-08T15:15:00Z;completed;Athletic Club Bilbao;Levante UD;Team Total Fouls;local;13,5;1,95;1,72;CONSENSUS_CODERE_STYLE;1,0942;cierre consensus -> mu-0.19, linea centrada, margen 1.0942
20260208F43EA5DB;23;2026-02-08T15:15:00Z;completed;Athletic Club Bilbao;Levante UD;Team Total Fouls;visitante;12,5;1,86;1,79;CONSENSUS_CODERE_STYLE;1,0963;cierre consensus -> mu-0.19, linea centrada, margen 1.0958
20260208A8800C23;23;2026-02-08T17:30:00Z;completed;Club Atlético de Madrid;Real Betis Balompié;Total Fouls;;22,5;1,92;1,75;CONSENSUS_CODERE_STYLE;1,0923;cierre consensus -> mu-0.53, linea centrada, margen 1.0937
20260208A8800C23;23;2026-02-08T17:30:00Z;completed;Club Atlético de Madrid;Real Betis Balompié;Team Total Fouls;local;11,5;1,74;1,92;CONSENSUS_CODERE_STYLE;1,0955;cierre consensus -> mu-0.19, linea centrada, margen 1.0942
20260208A8800C23;23;2026-02-08T17:30:00Z;completed;Club Atlético de Madrid;Real Betis Balompié;Team Total Fouls;visitante;10,5;1,95;1,71;CONSENSUS_CODERE_STYLE;1,0976;cierre consensus -> mu-0.19, linea centrada, margen 1.0958
20260208113DB5C2;23;2026-02-08T20:00:00Z;completed;Valencia CF;Real Madrid CF;Total Fouls;;23,5;1,75;1,92;CONSENSUS_CODERE_STYLE;1,0923;cierre consensus -> mu-0.53, linea centrada, margen 1.0937
20260208113DB5C2;23;2026-02-08T20:00:00Z;completed;Valencia CF;Real Madrid CF;Team Total Fouls;local;13,5;1,93;1,74;CONSENSUS_CODERE_STYLE;1,0928;cierre consensus -> mu-0.19, linea centrada, margen 1.0942
20260208113DB5C2;23;2026-02-08T20:00:00Z;completed;Valencia CF;Real Madrid CF;Team Total Fouls;visitante;10,5;2,01;1,67;CONSENSUS_CODERE_STYLE;1,0963;cierre consensus -> mu-0.19, linea centrada, margen 1.0958
202602098EA7333F;23;2026-02-09T20:00:00Z;completed;Villarreal CF;Reial Club Deportiu Espanyol;Total Fouls;;24,5;1,74;1,92;CONSENSUS_CODERE_STYLE;1,0955;cierre consensus -> mu-0.53, linea centrada, margen 1.0937
202602098EA7333F;23;2026-02-09T20:00:00Z;completed;Villarreal CF;Reial Club Deportiu Espanyol;Team Total Fouls;local;12,5;1,85;1,81;CONSENSUS_CODERE_STYLE;1,0930;cierre consensus -> mu-0.19, linea centrada, margen 1.0942
202602098EA7333F;23;2026-02-09T20:00:00Z;completed;Villarreal CF;Reial Club Deportiu Espanyol;Team Total Fouls;visitante;12,5;1,96;1,71;CONSENSUS_CODERE_STYLE;1,0950;cierre consensus -> mu-0.19, linea centrada, margen 1.0958
2026021351434F7B;24;2026-02-13T20:00:00Z;completed;Elche CF;CA Osasuna;Total Fouls;;25,5;1,75;1,91;CONSENSUS_CODERE_STYLE;1,0950;cierre consensus -> mu-0.53, linea centrada, margen 1.0937
2026021351434F7B;24;2026-02-13T20:00:00Z;completed;Elche CF;CA Osasuna;Team Total Fouls;local;12,5;1,82;1,84;CONSENSUS_CODERE_STYLE;1,0929;cierre consensus -> mu-0.19, linea centrada, margen 1.0942
2026021351434F7B;24;2026-02-13T20:00:00Z;completed;Elche CF;CA Osasuna;Team Total Fouls;visitante;14,5;1,89;1,77;CONSENSUS_CODERE_STYLE;1,0941;cierre consensus -> mu-0.19, linea centrada, margen 1.0958
2026021467E3E10F;24;2026-02-14T13:00:00Z;completed;Reial Club Deportiu Espanyol;Real Club Celta de Vigo;Total Fouls;;25,5;1,82;1,84;CONSENSUS_CODERE_STYLE;1,0929;cierre consensus -> mu-0.53, linea centrada, margen 1.0937
2026021467E3E10F;24;2026-02-14T13:00:00Z;completed;Reial Club Deportiu Espanyol;Real Club Celta de Vigo;Team Total Fouls;local;13,5;1,94;1,72;CONSENSUS_CODERE_STYLE;1,0969;cierre consensus -> mu-0.19, linea centrada, margen 1.0942
2026021467E3E10F;24;2026-02-14T13:00:00Z;completed;Reial Club Deportiu Espanyol;Real Club Celta de Vigo;Team Total Fouls;visitante;12,5;1,94;1,72;CONSENSUS_CODERE_STYLE;1,0969;cierre consensus -> mu-0.19, linea centrada, margen 1.0958
20260215E873DA58;24;2026-02-14T15:15:00Z;completed;Getafe CF;Villarreal CF;Total Fouls;;28,5;1,78;1,88;CONSENSUS_CODERE_STYLE;1,0937;cierre consensus -> mu-0.53, linea centrada, margen 1.0937
20260215E873DA58;24;2026-02-14T15:15:00Z;completed;Getafe CF;Villarreal CF;Team Total Fouls;local;15,5;1,94;1,73;CONSENSUS_CODERE_STYLE;1,0935;cierre consensus -> mu-0.19, linea centrada, margen 1.0942
20260215E873DA58;24;2026-02-14T15:15:00Z;completed;Getafe CF;Villarreal CF;Team Total Fouls;visitante;14,5;1,93;1,73;CONSENSUS_CODERE_STYLE;1,0962;cierre consensus -> mu-0.19, linea centrada, margen 1.0958
2026021464F9AA3A;24;2026-02-14T17:30:00Z;completed;Sevilla FC;Deportivo Alavés;Total Fouls;;30,5;1,92;1,74;CONSENSUS_CODERE_STYLE;1,0955;cierre consensus -> mu-0.53, linea centrada, margen 1.0937
2026021464F9AA3A;24;2026-02-14T17:30:00Z;completed;Sevilla FC;Deportivo Alavés;Team Total Fouls;local;15,5;1,93;1,73;CONSENSUS_CODERE_STYLE;1,0962;cierre consensus -> mu-0.19, linea centrada, margen 1.0942
2026021464F9AA3A;24;2026-02-14T17:30:00Z;completed;Sevilla FC;Deportivo Alavés;Team Total Fouls;visitante;14,5;1,89;1,76;CONSENSUS_CODERE_STYLE;1,0973;cierre consensus -> mu-0.19, linea centrada, margen 1.0958
20260214BC9743A6;24;2026-02-14T20:00:00Z;completed;Real Madrid CF;Real Sociedad de Fútbol;Total Fouls;;23,5;1,78;1,88;CONSENSUS_CODERE_STYLE;1,0937;cierre consensus -> mu-0.53, linea centrada, margen 1.0937
20260214BC9743A6;24;2026-02-14T20:00:00Z;completed;Real Madrid CF;Real Sociedad de Fútbol;Team Total Fouls;local;9,5;1,96;1,72;CONSENSUS_CODERE_STYLE;1,0916;cierre consensus -> mu-0.19, linea centrada, margen 1.0942
20260214BC9743A6;24;2026-02-14T20:00:00Z;completed;Real Madrid CF;Real Sociedad de Fútbol;Team Total Fouls;visitante;14,5;1,95;1,71;CONSENSUS_CODERE_STYLE;1,0976;cierre consensus -> mu-0.19, linea centrada, margen 1.0958
20260215C2621665;24;2026-02-15T13:00:00Z;completed;Real Oviedo;Athletic Club Bilbao;Total Fouls;;24,5;1,82;1,84;CONSENSUS_CODERE_STYLE;1,0929;cierre consensus -> mu-0.53, linea centrada, margen 1.0937
20260215C2621665;24;2026-02-15T13:00:00Z;completed;Real Oviedo;Athletic Club Bilbao;Team Total Fouls;local;12,5;1,90;1,76;CONSENSUS_CODERE_STYLE;1,0945;cierre consensus -> mu-0.19, linea centrada, margen 1.0942
20260215C2621665;24;2026-02-15T13:00:00Z;completed;Real Oviedo;Athletic Club Bilbao;Team Total Fouls;visitante;13,5;1,94;1,72;CONSENSUS_CODERE_STYLE;1,0969;cierre consensus -> mu-0.19, linea centrada, margen 1.0958
2026021416EF0FA3;24;2026-02-15T15:15:00Z;completed;Rayo Vallecano;Club Atlético de Madrid;Total Fouls;;22,5;1,85;1,80;CONSENSUS_CODERE_STYLE;1,0961;cierre consensus -> mu-0.53, linea centrada, margen 1.0937
2026021416EF0FA3;24;2026-02-15T15:15:00Z;completed;Rayo Vallecano;Club Atlético de Madrid;Team Total Fouls;local;11,5;1,80;1,86;CONSENSUS_CODERE_STYLE;1,0932;cierre consensus -> mu-0.19, linea centrada, margen 1.0942
2026021416EF0FA3;24;2026-02-15T15:15:00Z;completed;Rayo Vallecano;Club Atlético de Madrid;Team Total Fouls;visitante;10,5;1,85;1,80;CONSENSUS_CODERE_STYLE;1,0961;cierre consensus -> mu-0.19, linea centrada, margen 1.0958
202602158E606D46;24;2026-02-15T17:30:00Z;completed;Levante UD;Valencia CF;Total Fouls;;26,5;1,89;1,77;CONSENSUS_CODERE_STYLE;1,0941;cierre consensus -> mu-0.53, linea centrada, margen 1.0937
202602158E606D46;24;2026-02-15T17:30:00Z;completed;Levante UD;Valencia CF;Team Total Fouls;local;13,5;1,91;1,75;CONSENSUS_CODERE_STYLE;1,0950;cierre consensus -> mu-0.19, linea centrada, margen 1.0942
202602158E606D46;24;2026-02-15T17:30:00Z;completed;Levante UD;Valencia CF;Team Total Fouls;visitante;13,5;1,86;1,79;CONSENSUS_CODERE_STYLE;1,0963;cierre consensus -> mu-0.19, linea centrada, margen 1.0958
20260215BA02EF2E;24;2026-02-15T20:00:00Z;completed;Real Club Deportivo Mallorca;Real Betis Balompié;Total Fouls;;22,5;1,74;1,93;CONSENSUS_CODERE_STYLE;1,0928;cierre consensus -> mu-0.53, linea centrada, margen 1.0937
20260215BA02EF2E;24;2026-02-15T20:00:00Z;completed;Real Club Deportivo Mallorca;Real Betis Balompié;Team Total Fouls;local;12,5;1,82;1,83;CONSENSUS_CODERE_STYLE;1,0959;cierre consensus -> mu-0.19, linea centrada, margen 1.0942
20260215BA02EF2E;24;2026-02-15T20:00:00Z;completed;Real Club Deportivo Mallorca;Real Betis Balompié;Team Total Fouls;visitante;10,5;1,86;1,79;CONSENSUS_CODERE_STYLE;1,0963;cierre consensus -> mu-0.19, linea centrada, margen 1.0958
20260216608D7444;24;2026-02-16T20:00:00Z;completed;Girona FC;FC Barcelona;Total Fouls;;20,5;1,75;1,91;CONSENSUS_CODERE_STYLE;1,0950;cierre consensus -> mu-0.53, linea centrada, margen 1.0937
20260216608D7444;24;2026-02-16T20:00:00Z;completed;Girona FC;FC Barcelona;Team Total Fouls;local;11,5;1,98;1,70;CONSENSUS_CODERE_STYLE;1,0933;cierre consensus -> mu-0.19, linea centrada, margen 1.0942
20260216608D7444;24;2026-02-16T20:00:00Z;completed;Girona FC;FC Barcelona;Team Total Fouls;visitante;9,5;1,85;1,81;CONSENSUS_CODERE_STYLE;1,0930;cierre consensus -> mu-0.19, linea centrada, margen 1.0958
2026021862B10740;16;2026-02-18T19:00:00Z;completed;Levante UD;Villarreal CF;Total Fouls;;23,5;1,74;1,92;CONSENSUS_CODERE_STYLE;1,0955;cierre consensus -> mu-0.53, linea centrada, margen 1.0937
2026021862B10740;16;2026-02-18T19:00:00Z;completed;Levante UD;Villarreal CF;Team Total Fouls;local;12,5;1,88;1,78;CONSENSUS_CODERE_STYLE;1,0937;cierre consensus -> mu-0.19, linea centrada, margen 1.0942
2026021862B10740;16;2026-02-18T19:00:00Z;completed;Levante UD;Villarreal CF;Team Total Fouls;visitante;12,5;1,96;1,71;CONSENSUS_CODERE_STYLE;1,0950;cierre consensus -> mu-0.19, linea centrada, margen 1.0958
202602203576C222;25;2026-02-20T20:00:00Z;completed;Athletic Club Bilbao;Elche CF;Total Fouls;;24,5;1,76;1,91;CONSENSUS_CODERE_STYLE;1,0917;cierre consensus -> mu-0.53, linea centrada, margen 1.0937
202602203576C222;25;2026-02-20T20:00:00Z;completed;Athletic Club Bilbao;Elche CF;Team Total Fouls;local;14,5;1,93;1,74;CONSENSUS_CODERE_STYLE;1,0928;cierre consensus -> mu-0.19, linea centrada, margen 1.0942
202602203576C222;25;2026-02-20T20:00:00Z;completed;Athletic Club Bilbao;Elche CF;Team Total Fouls;visitante;11,5;1,92;1,74;CONSENSUS_CODERE_STYLE;1,0955;cierre consensus -> mu-0.19, linea centrada, margen 1.0958
20260221F13F35DF;25;2026-02-21T13:00:00Z;completed;Real Sociedad de Fútbol;Real Oviedo;Team Total Fouls;local;12,5;1,84;1,82;CONSENSUS_CODERE_STYLE;1,0929;cierre consensus -> mu-0.19, linea centrada, margen 1.0942
20260221F13F35DF;25;2026-02-21T13:00:00Z;completed;Real Sociedad de Fútbol;Real Oviedo;Team Total Fouls;visitante;14,5;2,01;1,67;CONSENSUS_CODERE_STYLE;1,0963;cierre consensus -> mu-0.19, linea centrada, margen 1.0958
202602218CB04DFF;25;2026-02-21T15:15:00Z;completed;Real Betis Balompié;Rayo Vallecano;Team Total Fouls;local;13,5;;;CONSENSUS_CODERE_STYLE;;cierre consensus -> mu-0.19, linea centrada, margen 1.0942
202602218CB04DFF;25;2026-02-21T15:15:00Z;completed;Real Betis Balompié;Rayo Vallecano;Team Total Fouls;visitante;18,5;;;CONSENSUS_CODERE_STYLE;;cierre consensus -> mu-0.19, linea centrada, margen 1.0958
20260221DB1B63B6;25;2026-02-21T17:30:00Z;completed;CA Osasuna;Real Madrid CF;Total Fouls;;22,5;1,87;1,79;CONSENSUS_CODERE_STYLE;1,0934;cierre consensus -> mu-0.53, linea centrada, margen 1.0937
20260221DB1B63B6;25;2026-02-21T17:30:00Z;completed;CA Osasuna;Real Madrid CF;Team Total Fouls;local;13,5;1,89;1,77;CONSENSUS_CODERE_STYLE;1,0941;cierre consensus -> mu-0.19, linea centrada, margen 1.0942
20260221DB1B63B6;25;2026-02-21T17:30:00Z;completed;CA Osasuna;Real Madrid CF;Team Total Fouls;visitante;10,5;1,91;1,75;CONSENSUS_CODERE_STYLE;1,0950;cierre consensus -> mu-0.19, linea centrada, margen 1.0958
20260221417AD2A4;25;2026-02-21T20:00:00Z;completed;Club Atlético de Madrid;Reial Club Deportiu Espanyol;Total Fouls;;22,5;1,76;1,90;CONSENSUS_CODERE_STYLE;1,0945;cierre consensus -> mu-0.53, linea centrada, margen 1.0937
20260221417AD2A4;25;2026-02-21T20:00:00Z;completed;Club Atlético de Madrid;Reial Club Deportiu Espanyol;Team Total Fouls;local;12,5;1,90;1,76;CONSENSUS_CODERE_STYLE;1,0945;cierre consensus -> mu-0.19, linea centrada, margen 1.0942
20260221417AD2A4;25;2026-02-21T20:00:00Z;completed;Club Atlético de Madrid;Reial Club Deportiu Espanyol;Team Total Fouls;visitante;11,5;1,93;1,73;CONSENSUS_CODERE_STYLE;1,0962;cierre consensus -> mu-0.19, linea centrada, margen 1.0958
202602225BA629D4;25;2026-02-22T13:00:00Z;completed;Getafe CF;Sevilla FC;Total Fouls;;29,5;1,86;1,79;CONSENSUS_CODERE_STYLE;1,0963;cierre consensus -> mu-0.53, linea centrada, margen 1.0937
202602225BA629D4;25;2026-02-22T13:00:00Z;completed;Getafe CF;Sevilla FC;Team Total Fouls;local;14,5;1,93;1,74;CONSENSUS_CODERE_STYLE;1,0928;cierre consensus -> mu-0.19, linea centrada, margen 1.0942
202602225BA629D4;25;2026-02-22T13:00:00Z;completed;Getafe CF;Sevilla FC;Team Total Fouls;visitante;14,5;1,93;1,73;CONSENSUS_CODERE_STYLE;1,0962;cierre consensus -> mu-0.19, linea centrada, margen 1.0958
2026022217F79B8C;25;2026-02-22T15:15:00Z;completed;FC Barcelona;Levante UD;Total Fouls;;20,5;1,79;1,87;CONSENSUS_CODERE_STYLE;1,0934;cierre consensus -> mu-0.53, linea centrada, margen 1.0937
2026022217F79B8C;25;2026-02-22T15:15:00Z;completed;FC Barcelona;Levante UD;Team Total Fouls;local;9,5;1,99;1,69;CONSENSUS_CODERE_STYLE;1,0942;cierre consensus -> mu-0.19, linea centrada, margen 1.0942
2026022217F79B8C;25;2026-02-22T15:15:00Z;completed;FC Barcelona;Levante UD;Team Total Fouls;visitante;11,5;1,79;1,86;CONSENSUS_CODERE_STYLE;1,0963;cierre consensus -> mu-0.19, linea centrada, margen 1.0958
2026022270F58B3C;25;2026-02-22T17:30:00Z;completed;Real Club Celta de Vigo;Real Club Deportivo Mallorca;Total Fouls;;23,5;1,91;1,75;CONSENSUS_CODERE_STYLE;1,0950;cierre consensus -> mu-0.53, linea centrada, margen 1.0937
2026022270F58B3C;25;2026-02-22T17:30:00Z;completed;Real Club Celta de Vigo;Real Club Deportivo Mallorca;Team Total Fouls;local;11,5;1,98;1,70;CONSENSUS_CODERE_STYLE;1,0933;cierre consensus -> mu-0.19, linea centrada, margen 1.0942
2026022270F58B3C;25;2026-02-22T17:30:00Z;completed;Real Club Celta de Vigo;Real Club Deportivo Mallorca;Team Total Fouls;visitante;14,5;1,74;1,92;CONSENSUS_CODERE_STYLE;1,0955;cierre consensus -> mu-0.19, linea centrada, margen 1.0958
202602221A663AB0;25;2026-02-22T20:00:00Z;completed;Villarreal CF;Valencia CF;Total Fouls;;23,5;1,74;1,93;CONSENSUS_CODERE_STYLE;1,0928;cierre consensus -> mu-0.53, linea centrada, margen 1.0937
202602221A663AB0;25;2026-02-22T20:00:00Z;completed;Villarreal CF;Valencia CF;Team Total Fouls;local;12,5;1,90;1,77;CONSENSUS_CODERE_STYLE;1,0913;cierre consensus -> mu-0.19, linea centrada, margen 1.0942
202602221A663AB0;25;2026-02-22T20:00:00Z;completed;Villarreal CF;Valencia CF;Team Total Fouls;visitante;12,5;1,95;1,72;CONSENSUS_CODERE_STYLE;1,0942;cierre consensus -> mu-0.19, linea centrada, margen 1.0958
20260223A8B4A202;25;2026-02-23T20:00:00Z;completed;Deportivo Alavés;Girona FC;Total Fouls;;27,5;1,90;1,76;CONSENSUS_CODERE_STYLE;1,0945;cierre consensus -> mu-0.53, linea centrada, margen 1.0937
20260223A8B4A202;25;2026-02-23T20:00:00Z;completed;Deportivo Alavés;Girona FC;Team Total Fouls;local;14,5;1,91;1,75;CONSENSUS_CODERE_STYLE;1,0950;cierre consensus -> mu-0.19, linea centrada, margen 1.0942
20260223A8B4A202;25;2026-02-23T20:00:00Z;completed;Deportivo Alavés;Girona FC;Team Total Fouls;visitante;13,5;1,92;1,74;CONSENSUS_CODERE_STYLE;1,0955;cierre consensus -> mu-0.19, linea centrada, margen 1.0958
202602275C1D765B;26;2026-02-27T20:00:00Z;completed;Levante UD;Deportivo Alavés;Total Fouls;;25,5;1,91;1,75;CONSENSUS_CODERE_STYLE;1,0950;cierre consensus -> mu-0.53, linea centrada, margen 1.0937
202602275C1D765B;26;2026-02-27T20:00:00Z;completed;Levante UD;Deportivo Alavés;Team Total Fouls;local;12,5;1,93;1,73;CONSENSUS_CODERE_STYLE;1,0962;cierre consensus -> mu-0.19, linea centrada, margen 1.0942
202602275C1D765B;26;2026-02-27T20:00:00Z;completed;Levante UD;Deportivo Alavés;Team Total Fouls;visitante;13,5;1,89;1,77;CONSENSUS_CODERE_STYLE;1,0941;cierre consensus -> mu-0.19, linea centrada, margen 1.0958
202602288248A67E;26;2026-02-28T13:00:00Z;completed;Rayo Vallecano;Athletic Club Bilbao;Total Fouls;;23,5;1,77;1,89;CONSENSUS_CODERE_STYLE;1,0941;cierre consensus -> mu-0.53, linea centrada, margen 1.0937
202602288248A67E;26;2026-02-28T13:00:00Z;completed;Rayo Vallecano;Athletic Club Bilbao;Team Total Fouls;local;12,5;1,90;1,76;CONSENSUS_CODERE_STYLE;1,0945;cierre consensus -> mu-0.19, linea centrada, margen 1.0942
202602288248A67E;26;2026-02-28T13:00:00Z;completed;Rayo Vallecano;Athletic Club Bilbao;Team Total Fouls;visitante;12,5;1,98;1,69;CONSENSUS_CODERE_STYLE;1,0968;cierre consensus -> mu-0.19, linea centrada, margen 1.0958
20260228AF2FE0AA;26;2026-02-28T15:15:00Z;completed;FC Barcelona;Villarreal CF;Total Fouls;;22,5;1,79;1,87;CONSENSUS_CODERE_STYLE;1,0934;cierre consensus -> mu-0.53, linea centrada, margen 1.0937
20260228AF2FE0AA;26;2026-02-28T15:15:00Z;completed;FC Barcelona;Villarreal CF;Team Total Fouls;local;10,5;1,97;1,70;CONSENSUS_CODERE_STYLE;1,0958;cierre consensus -> mu-0.19, linea centrada, margen 1.0942
20260228AF2FE0AA;26;2026-02-28T15:15:00Z;completed;FC Barcelona;Villarreal CF;Team Total Fouls;visitante;12,5;1,92;1,74;CONSENSUS_CODERE_STYLE;1,0955;cierre consensus -> mu-0.19, linea centrada, margen 1.0958
202602281DAF42B1;26;2026-02-28T17:30:00Z;completed;Real Club Deportivo Mallorca;Real Sociedad de Fútbol;Total Fouls;;24,5;1,75;1,91;CONSENSUS_CODERE_STYLE;1,0950;cierre consensus -> mu-0.53, linea centrada, margen 1.0937
202602281DAF42B1;26;2026-02-28T17:30:00Z;completed;Real Club Deportivo Mallorca;Real Sociedad de Fútbol;Team Total Fouls;local;12,5;1,92;1,75;CONSENSUS_CODERE_STYLE;1,0923;cierre consensus -> mu-0.19, linea centrada, margen 1.0942
202602281DAF42B1;26;2026-02-28T17:30:00Z;completed;Real Club Deportivo Mallorca;Real Sociedad de Fútbol;Team Total Fouls;visitante;13,5;1,86;1,79;CONSENSUS_CODERE_STYLE;1,0963;cierre consensus -> mu-0.19, linea centrada, margen 1.0958
2026022865B0BEA0;26;2026-02-28T20:00:00Z;completed;Real Oviedo;Club Atlético de Madrid;Total Fouls;;22,5;1,77;1,89;CONSENSUS_CODERE_STYLE;1,0941;cierre consensus -> mu-0.53, linea centrada, margen 1.0937
2026022865B0BEA0;26;2026-02-28T20:00:00Z;completed;Real Oviedo;Club Atlético de Madrid;Team Total Fouls;local;11,5;1,95;1,72;CONSENSUS_CODERE_STYLE;1,0942;cierre consensus -> mu-0.19, linea centrada, margen 1.0942
2026022865B0BEA0;26;2026-02-28T20:00:00Z;completed;Real Oviedo;Club Atlético de Madrid;Team Total Fouls;visitante;11,5;1,86;1,79;CONSENSUS_CODERE_STYLE;1,0963;cierre consensus -> mu-0.19, linea centrada, margen 1.0958
20260301DFB3E60F;26;2026-03-01T13:00:00Z;completed;Elche CF;Reial Club Deportiu Espanyol;Total Fouls;;25,5;1,75;1,91;CONSENSUS_CODERE_STYLE;1,0950;cierre consensus -> mu-0.53, linea centrada, margen 1.0937
20260301DFB3E60F;26;2026-03-01T13:00:00Z;completed;Elche CF;Reial Club Deportiu Espanyol;Team Total Fouls;local;12,5;1,97;1,70;CONSENSUS_CODERE_STYLE;1,0958;cierre consensus -> mu-0.19, linea centrada, margen 1.0942
20260301DFB3E60F;26;2026-03-01T13:00:00Z;completed;Elche CF;Reial Club Deportiu Espanyol;Team Total Fouls;visitante;14,5;1,88;1,77;CONSENSUS_CODERE_STYLE;1,0969;cierre consensus -> mu-0.19, linea centrada, margen 1.0958
202603016CAA6CAD;26;2026-03-01T15:15:00Z;completed;Valencia CF;CA Osasuna;Total Fouls;;24,5;1,78;1,88;CONSENSUS_CODERE_STYLE;1,0937;cierre consensus -> mu-0.53, linea centrada, margen 1.0937
202603016CAA6CAD;26;2026-03-01T15:15:00Z;completed;Valencia CF;CA Osasuna;Team Total Fouls;local;12,5;1,93;1,73;CONSENSUS_CODERE_STYLE;1,0962;cierre consensus -> mu-0.19, linea centrada, margen 1.0942
202603016CAA6CAD;26;2026-03-01T15:15:00Z;completed;Valencia CF;CA Osasuna;Team Total Fouls;visitante;12,5;1,74;1,92;CONSENSUS_CODERE_STYLE;1,0955;cierre consensus -> mu-0.19, linea centrada, margen 1.0958
202603010575ED26;26;2026-03-01T17:30:00Z;completed;Real Betis Balompié;Sevilla FC;Total Fouls;;27,5;1,92;1,74;CONSENSUS_CODERE_STYLE;1,0955;cierre consensus -> mu-0.53, linea centrada, margen 1.0937
202603010575ED26;26;2026-03-01T17:30:00Z;completed;Real Betis Balompié;Sevilla FC;Team Total Fouls;local;11,5;1,99;1,69;CONSENSUS_CODERE_STYLE;1,0942;cierre consensus -> mu-0.19, linea centrada, margen 1.0942
202603010575ED26;26;2026-03-01T17:30:00Z;completed;Real Betis Balompié;Sevilla FC;Team Total Fouls;visitante;15,5;1,93;1,73;CONSENSUS_CODERE_STYLE;1,0962;cierre consensus -> mu-0.19, linea centrada, margen 1.0958
20260301D37F73FB;26;2026-03-01T20:00:00Z;completed;Girona FC;Real Club Celta de Vigo;Total Fouls;;23,5;1,79;1,87;CONSENSUS_CODERE_STYLE;1,0934;cierre consensus -> mu-0.53, linea centrada, margen 1.0937
20260301D37F73FB;26;2026-03-01T20:00:00Z;completed;Girona FC;Real Club Celta de Vigo;Team Total Fouls;local;11,5;1,88;1,78;CONSENSUS_CODERE_STYLE;1,0937;cierre consensus -> mu-0.19, linea centrada, margen 1.0942
20260301D37F73FB;26;2026-03-01T20:00:00Z;completed;Girona FC;Real Club Celta de Vigo;Team Total Fouls;visitante;12,5;1,97;1,70;CONSENSUS_CODERE_STYLE;1,0958;cierre consensus -> mu-0.19, linea centrada, margen 1.0958
20260302CD5C78C3;26;2026-03-02T20:00:00Z;completed;Real Madrid CF;Getafe CF;Total Fouls;;24,5;1,75;1,91;CONSENSUS_CODERE_STYLE;1,0950;cierre consensus -> mu-0.53, linea centrada, margen 1.0937
20260302CD5C78C3;26;2026-03-02T20:00:00Z;completed;Real Madrid CF;Getafe CF;Team Total Fouls;local;10,5;1,83;1,83;CONSENSUS_CODERE_STYLE;1,0929;cierre consensus -> mu-0.19, linea centrada, margen 1.0942
20260302CD5C78C3;26;2026-03-02T20:00:00Z;completed;Real Madrid CF;Getafe CF;Team Total Fouls;visitante;15,5;1,93;1,73;CONSENSUS_CODERE_STYLE;1,0962;cierre consensus -> mu-0.19, linea centrada, margen 1.0958
20260304A7968AE3;23;2026-03-04T18:00:00Z;completed;Rayo Vallecano;Real Oviedo;Total Fouls;;23,5;1,77;1,90;CONSENSUS_CODERE_STYLE;1,0913;cierre consensus -> mu-0.53, linea centrada, margen 1.0937
20260304A7968AE3;23;2026-03-04T18:00:00Z;completed;Rayo Vallecano;Real Oviedo;Team Total Fouls;local;11,5;1,79;1,87;CONSENSUS_CODERE_STYLE;1,0934;cierre consensus -> mu-0.19, linea centrada, margen 1.0942
20260304A7968AE3;23;2026-03-04T18:00:00Z;completed;Rayo Vallecano;Real Oviedo;Team Total Fouls;visitante;12,5;1,97;1,70;CONSENSUS_CODERE_STYLE;1,0958;cierre consensus -> mu-0.19, linea centrada, margen 1.0958
2026030711A3355E;27;2026-03-06T20:00:00Z;completed;Real Club Celta de Vigo;Real Madrid CF;Total Fouls;;23,5;1,84;1,82;CONSENSUS_CODERE_STYLE;1,0929;cierre consensus -> mu-0.53, linea centrada, margen 1.0937
2026030711A3355E;27;2026-03-06T20:00:00Z;completed;Real Club Celta de Vigo;Real Madrid CF;Team Total Fouls;local;12,5;1,86;1,80;CONSENSUS_CODERE_STYLE;1,0932;cierre consensus -> mu-0.19, linea centrada, margen 1.0942
2026030711A3355E;27;2026-03-06T20:00:00Z;completed;Real Club Celta de Vigo;Real Madrid CF;Team Total Fouls;visitante;10,5;1,75;1,91;CONSENSUS_CODERE_STYLE;1,0950;cierre consensus -> mu-0.19, linea centrada, margen 1.0958
2026030656642824;27;2026-03-07T13:00:00Z;completed;CA Osasuna;Real Club Deportivo Mallorca;Team Total Fouls;local;13,5;1,98;1,70;CONSENSUS_CODERE_STYLE;1,0933;cierre consensus -> mu-0.19, linea centrada, margen 1.0942
2026030656642824;27;2026-03-07T13:00:00Z;completed;CA Osasuna;Real Club Deportivo Mallorca;Team Total Fouls;visitante;12,5;2,04;1,65;CONSENSUS_CODERE_STYLE;1,0963;cierre consensus -> mu-0.19, linea centrada, margen 1.0958
20260307E01D8C4E;27;2026-03-07T15:15:00Z;completed;Levante UD;Girona FC;Total Fouls;;25,5;1,86;1,80;CONSENSUS_CODERE_STYLE;1,0932;cierre consensus -> mu-0.53, linea centrada, margen 1.0937
20260307E01D8C4E;27;2026-03-07T15:15:00Z;completed;Levante UD;Girona FC;Team Total Fouls;local;13,5;1,95;1,72;CONSENSUS_CODERE_STYLE;1,0942;cierre consensus -> mu-0.19, linea centrada, margen 1.0942
20260307E01D8C4E;27;2026-03-07T15:15:00Z;completed;Levante UD;Girona FC;Team Total Fouls;visitante;12,5;1,98;1,69;CONSENSUS_CODERE_STYLE;1,0968;cierre consensus -> mu-0.19, linea centrada, margen 1.0958
202603075C764F4E;27;2026-03-07T17:30:00Z;completed;Club Atlético de Madrid;Real Sociedad de Fútbol;Total Fouls;;22,5;1,80;1,86;CONSENSUS_CODERE_STYLE;1,0932;cierre consensus -> mu-0.53, linea centrada, margen 1.0937
202603075C764F4E;27;2026-03-07T17:30:00Z;completed;Club Atlético de Madrid;Real Sociedad de Fútbol;Team Total Fouls;local;12,5;2,00;1,69;CONSENSUS_CODERE_STYLE;1,0917;cierre consensus -> mu-0.19, linea centrada, margen 1.0942
202603075C764F4E;27;2026-03-07T17:30:00Z;completed;Club Atlético de Madrid;Real Sociedad de Fútbol;Team Total Fouls;visitante;12,5;1,89;1,76;CONSENSUS_CODERE_STYLE;1,0973;cierre consensus -> mu-0.19, linea centrada, margen 1.0958
2026030825661299;27;2026-03-07T20:00:00Z;completed;Athletic Club Bilbao;FC Barcelona;Total Fouls;;23,5;1,80;1,85;CONSENSUS_CODERE_STYLE;1,0961;cierre consensus -> mu-0.53, linea centrada, margen 1.0937
2026030825661299;27;2026-03-07T20:00:00Z;completed;Athletic Club Bilbao;FC Barcelona;Team Total Fouls;local;14,5;1,98;1,70;CONSENSUS_CODERE_STYLE;1,0933;cierre consensus -> mu-0.19, linea centrada, margen 1.0942
2026030825661299;27;2026-03-07T20:00:00Z;completed;Athletic Club Bilbao;FC Barcelona;Team Total Fouls;visitante;10,5;1,84;1,82;CONSENSUS_CODERE_STYLE;1,0929;cierre consensus -> mu-0.19, linea centrada, margen 1.0958
202603083D6BC4C5;27;2026-03-08T13:00:00Z;completed;Villarreal CF;Elche CF;Total Fouls;;24,5;1,77;1,89;CONSENSUS_CODERE_STYLE;1,0941;cierre consensus -> mu-0.53, linea centrada, margen 1.0937
202603083D6BC4C5;27;2026-03-08T13:00:00Z;completed;Villarreal CF;Elche CF;Team Total Fouls;local;13,5;1,98;1,70;CONSENSUS_CODERE_STYLE;1,0933;cierre consensus -> mu-0.19, linea centrada, margen 1.0942
202603083D6BC4C5;27;2026-03-08T13:00:00Z;completed;Villarreal CF;Elche CF;Team Total Fouls;visitante;12,5;1,97;1,70;CONSENSUS_CODERE_STYLE;1,0958;cierre consensus -> mu-0.19, linea centrada, margen 1.0958
2026030752453A6C;27;2026-03-08T15:15:00Z;completed;Getafe CF;Real Betis Balompié;Total Fouls;;26,5;1,81;1,84;CONSENSUS_CODERE_STYLE;1,0960;cierre consensus -> mu-0.53, linea centrada, margen 1.0937
2026030752453A6C;27;2026-03-08T15:15:00Z;completed;Getafe CF;Real Betis Balompié;Team Total Fouls;local;14,5;1,92;1,74;CONSENSUS_CODERE_STYLE;1,0955;cierre consensus -> mu-0.19, linea centrada, margen 1.0942
2026030752453A6C;27;2026-03-08T15:15:00Z;completed;Getafe CF;Real Betis Balompié;Team Total Fouls;visitante;15,5;1,92;1,74;CONSENSUS_CODERE_STYLE;1,0955;cierre consensus -> mu-0.19, linea centrada, margen 1.0958
202603080A081C02;27;2026-03-08T17:30:00Z;completed;Sevilla FC;Rayo Vallecano;Total Fouls;;27,5;1,92;1,74;CONSENSUS_CODERE_STYLE;1,0955;cierre consensus -> mu-0.53, linea centrada, margen 1.0937
202603080A081C02;27;2026-03-08T17:30:00Z;completed;Sevilla FC;Rayo Vallecano;Team Total Fouls;local;13,5;1,81;1,85;CONSENSUS_CODERE_STYLE;1,0930;cierre consensus -> mu-0.19, linea centrada, margen 1.0942
202603080A081C02;27;2026-03-08T17:30:00Z;completed;Sevilla FC;Rayo Vallecano;Team Total Fouls;visitante;13,5;1,92;1,74;CONSENSUS_CODERE_STYLE;1,0955;cierre consensus -> mu-0.19, linea centrada, margen 1.0958
20260308C2E3EAB2;27;2026-03-08T20:00:00Z;completed;Valencia CF;Deportivo Alavés;Total Fouls;;26,5;1,77;1,89;CONSENSUS_CODERE_STYLE;1,0941;cierre consensus -> mu-0.53, linea centrada, margen 1.0937
20260308C2E3EAB2;27;2026-03-08T20:00:00Z;completed;Valencia CF;Deportivo Alavés;Team Total Fouls;local;13,5;1,93;1,73;CONSENSUS_CODERE_STYLE;1,0962;cierre consensus -> mu-0.19, linea centrada, margen 1.0942
20260308C2E3EAB2;27;2026-03-08T20:00:00Z;completed;Valencia CF;Deportivo Alavés;Team Total Fouls;visitante;14,5;2,03;1,66;CONSENSUS_CODERE_STYLE;1,0950;cierre consensus -> mu-0.19, linea centrada, margen 1.0958
20260309F3FE466A;27;2026-03-09T20:00:00Z;completed;Reial Club Deportiu Espanyol;Real Oviedo;Total Fouls;;25,5;1,85;1,81;CONSENSUS_CODERE_STYLE;1,0930;cierre consensus -> mu-0.53, linea centrada, margen 1.0937
20260309F3FE466A;27;2026-03-09T20:00:00Z;completed;Reial Club Deportiu Espanyol;Real Oviedo;Team Total Fouls;local;12,5;1,90;1,76;CONSENSUS_CODERE_STYLE;1,0945;cierre consensus -> mu-0.19, linea centrada, margen 1.0942
20260309F3FE466A;27;2026-03-09T20:00:00Z;completed;Reial Club Deportiu Espanyol;Real Oviedo;Team Total Fouls;visitante;13,5;1,94;1,72;CONSENSUS_CODERE_STYLE;1,0969;cierre consensus -> mu-0.19, linea centrada, margen 1.0958
2026031307E7228F;28;2026-03-13T20:00:00Z;completed;Deportivo Alavés;Villarreal CF;Total Fouls;;27,5;1,91;1,75;CONSENSUS_CODERE_STYLE;1,0950;cierre consensus -> mu-0.53, linea centrada, margen 1.0937
2026031307E7228F;28;2026-03-13T20:00:00Z;completed;Deportivo Alavés;Villarreal CF;Team Total Fouls;local;14,5;1,96;1,71;CONSENSUS_CODERE_STYLE;1,0950;cierre consensus -> mu-0.19, linea centrada, margen 1.0942
2026031307E7228F;28;2026-03-13T20:00:00Z;completed;Deportivo Alavés;Villarreal CF;Team Total Fouls;visitante;12,5;1,84;1,81;CONSENSUS_CODERE_STYLE;1,0960;cierre consensus -> mu-0.19, linea centrada, margen 1.0958
202603143F46EA17;28;2026-03-14T13:00:00Z;completed;Girona FC;Athletic Club Bilbao;Total Fouls;;26,5;1,75;1,95;CODERE;1,0842;captura 
202603143F46EA17;28;2026-03-14T13:00:00Z;completed;Girona FC;Athletic Club Bilbao;Team Total Fouls;local;12,5;1,90;1,80;CODERE;1,0819;captura 
202603143F46EA17;28;2026-03-14T13:00:00Z;completed;Girona FC;Athletic Club Bilbao;Team Total Fouls;visitante;14,5;1,90;1,80;CODERE;1,0819;captura 
2026031497F1361D;28;2026-03-14T15:15:00Z;completed;Club Atlético de Madrid;Getafe CF;Total Fouls;;24,5;1,80;1,90;CODERE;1,0819;captura 
2026031497F1361D;28;2026-03-14T15:15:00Z;completed;Club Atlético de Madrid;Getafe CF;Team Total Fouls;local;11,5;1,95;1,75;CODERE;1,0842;captura 
2026031497F1361D;28;2026-03-14T15:15:00Z;completed;Club Atlético de Madrid;Getafe CF;Team Total Fouls;visitante;13,5;1,95;1,75;CODERE;1,0842;captura 
2026031448F8DD41;28;2026-03-14T17:30:00Z;completed;Real Oviedo;Valencia CF;Total Fouls;;26,5;1,85;1,85;CODERE;1,0811;captura 
2026031448F8DD41;28;2026-03-14T17:30:00Z;completed;Real Oviedo;Valencia CF;Team Total Fouls;local;13,5;1,80;1,90;CODERE;1,0819;captura 
2026031448F8DD41;28;2026-03-14T17:30:00Z;completed;Real Oviedo;Valencia CF;Team Total Fouls;visitante;12,5;1,80;1,90;CODERE;1,0819;captura 
20260314A0FD8936;28;2026-03-14T20:00:00Z;completed;Real Madrid CF;Elche CF;Total Fouls;;24,5;1,82;1,82;CODERE;1,0989;captura 
20260314A0FD8936;28;2026-03-14T20:00:00Z;completed;Real Madrid CF;Elche CF;Team Total Fouls;local;11,5;1,88;1,75;CODERE;1,1033;captura 
20260314A0FD8936;28;2026-03-14T20:00:00Z;completed;Real Madrid CF;Elche CF;Team Total Fouls;visitante;12,5;1,70;1,95;CODERE;1,1011;captura 
202603157FB4645E;28;2026-03-15T13:00:00Z;completed;Real Club Deportivo Mallorca;Reial Club Deportiu Espanyol;Total Fouls;;21,5;1,78;1,89;CONSENSUS_CODERE_STYLE;1,0909;cierre consensus -> mu-0.53, linea centrada, margen 1.0937
202603157FB4645E;28;2026-03-15T13:00:00Z;completed;Real Club Deportivo Mallorca;Reial Club Deportiu Espanyol;Team Total Fouls;local;11,5;2,04;1,65;CONSENSUS_CODERE_STYLE;1,0963;cierre consensus -> mu-0.19, linea centrada, margen 1.0942
202603157FB4645E;28;2026-03-15T13:00:00Z;completed;Real Club Deportivo Mallorca;Reial Club Deportiu Espanyol;Team Total Fouls;visitante;12,5;1,97;1,70;CONSENSUS_CODERE_STYLE;1,0958;cierre consensus -> mu-0.19, linea centrada, margen 1.0958
202603152BD50E40;28;2026-03-15T15:15:00Z;completed;FC Barcelona;Sevilla FC;Total Fouls;;24,5;1,92;1,74;CONSENSUS_CODERE_STYLE;1,0955;cierre consensus -> mu-0.53, linea centrada, margen 1.0937
202603152BD50E40;28;2026-03-15T15:15:00Z;completed;FC Barcelona;Sevilla FC;Team Total Fouls;local;10,5;1,93;1,74;CONSENSUS_CODERE_STYLE;1,0928;cierre consensus -> mu-0.19, linea centrada, margen 1.0942
202603152BD50E40;28;2026-03-15T15:15:00Z;completed;FC Barcelona;Sevilla FC;Team Total Fouls;visitante;13,5;1,81;1,84;CONSENSUS_CODERE_STYLE;1,0960;cierre consensus -> mu-0.19, linea centrada, margen 1.0958
202603150DD5CD50;28;2026-03-15T17:30:00Z;completed;Real Betis Balompié;Real Club Celta de Vigo;Total Fouls;;25,5;1,91;1,75;CONSENSUS_CODERE_STYLE;1,0950;cierre consensus -> mu-0.53, linea centrada, margen 1.0937
202603150DD5CD50;28;2026-03-15T17:30:00Z;completed;Real Betis Balompié;Real Club Celta de Vigo;Team Total Fouls;local;11,5;1,93;1,74;CONSENSUS_CODERE_STYLE;1,0928;cierre consensus -> mu-0.19, linea centrada, margen 1.0942
202603150DD5CD50;28;2026-03-15T17:30:00Z;completed;Real Betis Balompié;Real Club Celta de Vigo;Team Total Fouls;visitante;13,5;1,91;1,75;CONSENSUS_CODERE_STYLE;1,0950;cierre consensus -> mu-0.19, linea centrada, margen 1.0958
2026031514681268;28;2026-03-15T20:00:00Z;completed;Real Sociedad de Fútbol;CA Osasuna;Total Fouls;;24,5;1,76;1,90;CONSENSUS_CODERE_STYLE;1,0945;cierre consensus -> mu-0.53, linea centrada, margen 1.0937
2026031514681268;28;2026-03-15T20:00:00Z;completed;Real Sociedad de Fútbol;CA Osasuna;Team Total Fouls;local;11,5;1,76;1,90;CONSENSUS_CODERE_STYLE;1,0945;cierre consensus -> mu-0.19, linea centrada, margen 1.0942
2026031514681268;28;2026-03-15T20:00:00Z;completed;Real Sociedad de Fútbol;CA Osasuna;Team Total Fouls;visitante;13,5;1,97;1,70;CONSENSUS_CODERE_STYLE;1,0958;cierre consensus -> mu-0.19, linea centrada, margen 1.0958
2026031609DFC59E;28;2026-03-16T20:00:00Z;completed;Rayo Vallecano;Levante UD;Total Fouls;;24,5;1,90;1,76;CONSENSUS_CODERE_STYLE;1,0945;cierre consensus -> mu-0.53, linea centrada, margen 1.0937
2026031609DFC59E;28;2026-03-16T20:00:00Z;completed;Rayo Vallecano;Levante UD;Team Total Fouls;local;14,5;1,96;1,71;CONSENSUS_CODERE_STYLE;1,0950;cierre consensus -> mu-0.19, linea centrada, margen 1.0942
2026031609DFC59E;28;2026-03-16T20:00:00Z;completed;Rayo Vallecano;Levante UD;Team Total Fouls;visitante;11,5;1,88;1,77;CONSENSUS_CODERE_STYLE;1,0969;cierre consensus -> mu-0.19, linea centrada, margen 1.0958
20260320F9079C62;29;2026-03-20T20:00:00Z;completed;Villarreal CF;Real Sociedad de Fútbol;Total Fouls;;24,5;1,95;1,75;CODERE;1,0842;captura 
20260320F9079C62;29;2026-03-20T20:00:00Z;completed;Villarreal CF;Real Sociedad de Fútbol;Team Total Fouls;local;11,5;1,80;1,85;CODERE;1,0961;captura 
20260320F9079C62;29;2026-03-20T20:00:00Z;completed;Villarreal CF;Real Sociedad de Fútbol;Team Total Fouls;visitante;13,5;1,90;1,72;CODERE;1,1077;captura 
2026032100A71073;29;2026-03-21T13:00:00Z;completed;Elche CF;Real Club Deportivo Mallorca;Total Fouls;;27,5;1,86;1,79;CONSENSUS_CODERE_STYLE;1,0963;cierre consensus -> mu-0.53, linea centrada, margen 1.0937
2026032100A71073;29;2026-03-21T13:00:00Z;completed;Elche CF;Real Club Deportivo Mallorca;Team Total Fouls;local;13,5;1,99;1,69;CONSENSUS_CODERE_STYLE;1,0942;cierre consensus -> mu-0.19, linea centrada, margen 1.0942
2026032100A71073;29;2026-03-21T13:00:00Z;completed;Elche CF;Real Club Deportivo Mallorca;Team Total Fouls;visitante;15,5;1,95;1,71;CONSENSUS_CODERE_STYLE;1,0976;cierre consensus -> mu-0.19, linea centrada, margen 1.0958
2026032185269238;29;2026-03-21T15:15:00Z;completed;Reial Club Deportiu Espanyol;Getafe CF;Total Fouls;;26,5;1,75;1,91;CONSENSUS_CODERE_STYLE;1,0950;cierre consensus -> mu-0.53, linea centrada, margen 1.0937
2026032185269238;29;2026-03-21T15:15:00Z;completed;Reial Club Deportiu Espanyol;Getafe CF;Team Total Fouls;local;15,5;1,79;1,87;CONSENSUS_CODERE_STYLE;1,0934;cierre consensus -> mu-0.19, linea centrada, margen 1.0942
2026032185269238;29;2026-03-21T15:15:00Z;completed;Reial Club Deportiu Espanyol;Getafe CF;Team Total Fouls;visitante;14,5;1,94;1,72;CONSENSUS_CODERE_STYLE;1,0969;cierre consensus -> mu-0.19, linea centrada, margen 1.0958
2026032138328595;29;2026-03-21T17:30:00Z;completed;Levante UD;Real Oviedo;Total Fouls;;24,5;1,88;1,78;CONSENSUS_CODERE_STYLE;1,0937;cierre consensus -> mu-0.53, linea centrada, margen 1.0937
2026032138328595;29;2026-03-21T17:30:00Z;completed;Levante UD;Real Oviedo;Team Total Fouls;local;11,5;1,83;1,83;CONSENSUS_CODERE_STYLE;1,0929;cierre consensus -> mu-0.19, linea centrada, margen 1.0942
2026032138328595;29;2026-03-21T17:30:00Z;completed;Levante UD;Real Oviedo;Team Total Fouls;visitante;13,5;1,95;1,72;CONSENSUS_CODERE_STYLE;1,0942;cierre consensus -> mu-0.19, linea centrada, margen 1.0958
20260321A4C73D83;29;2026-03-21T17:30:00Z;completed;CA Osasuna;Girona FC;Total Fouls;;24,5;1,88;1,78;CONSENSUS_CODERE_STYLE;1,0937;cierre consensus -> mu-0.53, linea centrada, margen 1.0937
20260321A4C73D83;29;2026-03-21T17:30:00Z;completed;CA Osasuna;Girona FC;Team Total Fouls;local;13,5;1,74;1,93;CONSENSUS_CODERE_STYLE;1,0928;cierre consensus -> mu-0.19, linea centrada, margen 1.0942
20260321A4C73D83;29;2026-03-21T17:30:00Z;completed;CA Osasuna;Girona FC;Team Total Fouls;visitante;11,5;1,84;1,81;CONSENSUS_CODERE_STYLE;1,0960;cierre consensus -> mu-0.19, linea centrada, margen 1.0958
2026032107DCFE84;29;2026-03-21T20:00:00Z;completed;Sevilla FC;Valencia CF;Total Fouls;;25,5;1,75;1,91;CONSENSUS_CODERE_STYLE;1,0950;cierre consensus -> mu-0.53, linea centrada, margen 1.0937
2026032107DCFE84;29;2026-03-21T20:00:00Z;completed;Sevilla FC;Valencia CF;Team Total Fouls;local;13,5;1,93;1,74;CONSENSUS_CODERE_STYLE;1,0928;cierre consensus -> mu-0.19, linea centrada, margen 1.0942
2026032107DCFE84;29;2026-03-21T20:00:00Z;completed;Sevilla FC;Valencia CF;Team Total Fouls;visitante;13,5;1,89;1,76;CONSENSUS_CODERE_STYLE;1,0973;cierre consensus -> mu-0.19, linea centrada, margen 1.0958
202603226C209867;29;2026-03-22T13:00:00Z;completed;FC Barcelona;Rayo Vallecano;Total Fouls;;22,5;1,80;1,90;CODERE;1,0819;captura 
202603226C209867;29;2026-03-22T13:00:00Z;completed;FC Barcelona;Rayo Vallecano;Team Total Fouls;local;10,5;1,80;1,85;CONSENSUS_CODERE_STYLE;1,0961;cierre consensus -> mu-0.19, linea centrada, margen 1.0942
202603226C209867;29;2026-03-22T13:00:00Z;completed;FC Barcelona;Rayo Vallecano;Team Total Fouls;visitante;15,5;1,99;1,68;CONSENSUS_CODERE_STYLE;1,0978;cierre consensus -> mu-0.19, linea centrada, margen 1.0958
20260322DDB132DE;29;2026-03-22T15:15:00Z;completed;Real Club Celta de Vigo;Deportivo Alavés;Total Fouls;;26,5;1,87;1,79;CONSENSUS_CODERE_STYLE;1,0934;cierre consensus -> mu-0.53, linea centrada, margen 1.0937
20260322DDB132DE;29;2026-03-22T15:15:00Z;completed;Real Club Celta de Vigo;Deportivo Alavés;Team Total Fouls;local;12,5;1,99;1,69;CONSENSUS_CODERE_STYLE;1,0942;cierre consensus -> mu-0.19, linea centrada, margen 1.0942
20260322DDB132DE;29;2026-03-22T15:15:00Z;completed;Real Club Celta de Vigo;Deportivo Alavés;Team Total Fouls;visitante;14,5;1,93;1,73;CONSENSUS_CODERE_STYLE;1,0962;cierre consensus -> mu-0.19, linea centrada, margen 1.0958
20260322DC5455BD;29;2026-03-22T17:30:00Z;completed;Athletic Club Bilbao;Real Betis Balompié;Total Fouls;;24,5;1,75;1,91;CONSENSUS_CODERE_STYLE;1,0950;cierre consensus -> mu-0.53, linea centrada, margen 1.0937
20260322DC5455BD;29;2026-03-22T17:30:00Z;completed;Athletic Club Bilbao;Real Betis Balompié;Team Total Fouls;local;14,5;1,91;1,75;CONSENSUS_CODERE_STYLE;1,0950;cierre consensus -> mu-0.19, linea centrada, margen 1.0942
20260322DC5455BD;29;2026-03-22T17:30:00Z;completed;Athletic Club Bilbao;Real Betis Balompié;Team Total Fouls;visitante;11,5;1,98;1,69;CONSENSUS_CODERE_STYLE;1,0968;cierre consensus -> mu-0.19, linea centrada, margen 1.0958
2026032259CEFF91;29;2026-03-22T20:00:00Z;completed;Real Madrid CF;Club Atlético de Madrid;Total Fouls;;24,5;1,85;1,81;CONSENSUS_CODERE_STYLE;1,0930;cierre consensus -> mu-0.53, linea centrada, margen 1.0937
2026032259CEFF91;29;2026-03-22T20:00:00Z;completed;Real Madrid CF;Club Atlético de Madrid;Team Total Fouls;local;11,5;1,80;1,86;CONSENSUS_CODERE_STYLE;1,0932;cierre consensus -> mu-0.19, linea centrada, margen 1.0942
2026032259CEFF91;29;2026-03-22T20:00:00Z;completed;Real Madrid CF;Club Atlético de Madrid;Team Total Fouls;visitante;13,5;1,82;1,83;CONSENSUS_CODERE_STYLE;1,0959;cierre consensus -> mu-0.19, linea centrada, margen 1.0958
2026040333DB7D96;30;2026-04-03T19:00:00Z;completed;Rayo Vallecano;Elche CF;Total Fouls;;25,5;1,75;1,91;CONSENSUS_CODERE_STYLE;1,0950;cierre consensus -> mu-0.53, linea centrada, margen 1.0937
2026040333DB7D96;30;2026-04-03T19:00:00Z;completed;Rayo Vallecano;Elche CF;Team Total Fouls;local;13,5;1,90;1,76;CONSENSUS_CODERE_STYLE;1,0945;cierre consensus -> mu-0.19, linea centrada, margen 1.0942
2026040333DB7D96;30;2026-04-03T19:00:00Z;completed;Rayo Vallecano;Elche CF;Team Total Fouls;visitante;12,5;1,80;1,85;CONSENSUS_CODERE_STYLE;1,0961;cierre consensus -> mu-0.19, linea centrada, margen 1.0958
20260404237E9F11;30;2026-04-04T12:00:00Z;completed;Real Sociedad de Fútbol;Levante UD;Total Fouls;;26,5;1,92;1,75;CONSENSUS_CODERE_STYLE;1,0923;cierre consensus -> mu-0.53, linea centrada, margen 1.0937
20260404237E9F11;30;2026-04-04T12:00:00Z;completed;Real Sociedad de Fútbol;Levante UD;Team Total Fouls;local;14,5;1,92;1,74;CONSENSUS_CODERE_STYLE;1,0955;cierre consensus -> mu-0.19, linea centrada, margen 1.0942
20260404237E9F11;30;2026-04-04T12:00:00Z;completed;Real Sociedad de Fútbol;Levante UD;Team Total Fouls;visitante;12,5;1,92;1,74;CONSENSUS_CODERE_STYLE;1,0955;cierre consensus -> mu-0.19, linea centrada, margen 1.0958
20260404F1F235C6;30;2026-04-04T14:15:00Z;completed;Real Club Deportivo Mallorca;Real Madrid CF;Total Fouls;;22,5;1,75;;CODERE;;captura 
20260404F1F235C6;30;2026-04-04T14:15:00Z;completed;Real Club Deportivo Mallorca;Real Madrid CF;Team Total Fouls;local;13,5;1,90;1,76;CONSENSUS_CODERE_STYLE;1,0945;cierre consensus -> mu-0.19, linea centrada, margen 1.0942
20260404F1F235C6;30;2026-04-04T14:15:00Z;completed;Real Club Deportivo Mallorca;Real Madrid CF;Team Total Fouls;visitante;11,5;1,99;1,69;CONSENSUS_CODERE_STYLE;1,0942;cierre consensus -> mu-0.19, linea centrada, margen 1.0958
20260405B14FAC3F;30;2026-04-04T16:30:00Z;completed;Real Betis Balompié;Reial Club Deportiu Espanyol;Total Fouls;;23,5;1,78;1,88;CONSENSUS_CODERE_STYLE;1,0937;cierre consensus -> mu-0.53, linea centrada, margen 1.0937
20260405B14FAC3F;30;2026-04-04T16:30:00Z;completed;Real Betis Balompié;Reial Club Deportiu Espanyol;Team Total Fouls;local;12,5;1,85;1,81;CONSENSUS_CODERE_STYLE;1,0930;cierre consensus -> mu-0.19, linea centrada, margen 1.0942
20260405B14FAC3F;30;2026-04-04T16:30:00Z;completed;Real Betis Balompié;Reial Club Deportiu Espanyol;Team Total Fouls;visitante;13,5;1,79;1,86;CONSENSUS_CODERE_STYLE;1,0963;cierre consensus -> mu-0.19, linea centrada, margen 1.0958
2026040490B01546;30;2026-04-04T19:00:00Z;completed;Club Atlético de Madrid;FC Barcelona;Total Fouls;;21,5;1,78;1,88;CONSENSUS_CODERE_STYLE;1,0937;cierre consensus -> mu-0.53, linea centrada, margen 1.0937
2026040490B01546;30;2026-04-04T19:00:00Z;completed;Club Atlético de Madrid;FC Barcelona;Team Total Fouls;local;12,5;1,89;1,77;CONSENSUS_CODERE_STYLE;1,0941;cierre consensus -> mu-0.19, linea centrada, margen 1.0942
2026040490B01546;30;2026-04-04T19:00:00Z;completed;Club Atlético de Madrid;FC Barcelona;Team Total Fouls;visitante;11,5;1,97;1,70;CONSENSUS_CODERE_STYLE;1,0958;cierre consensus -> mu-0.19, linea centrada, margen 1.0958
20260405F2F826E8;30;2026-04-05T12:00:00Z;completed;Getafe CF;Athletic Club Bilbao;Total Fouls;;28,5;1,84;1,82;CONSENSUS_CODERE_STYLE;1,0929;cierre consensus -> mu-0.53, linea centrada, margen 1.0937
20260405F2F826E8;30;2026-04-05T12:00:00Z;completed;Getafe CF;Athletic Club Bilbao;Team Total Fouls;local;13,5;1,80;1,86;CONSENSUS_CODERE_STYLE;1,0932;cierre consensus -> mu-0.19, linea centrada, margen 1.0942
20260405F2F826E8;30;2026-04-05T12:00:00Z;completed;Getafe CF;Athletic Club Bilbao;Team Total Fouls;visitante;14,5;1,89;1,76;CONSENSUS_CODERE_STYLE;1,0973;cierre consensus -> mu-0.19, linea centrada, margen 1.0958
202604057489FAFF;30;2026-04-05T14:15:00Z;completed;Valencia CF;Real Club Celta de Vigo;Total Fouls;;24,5;1,81;1,85;CONSENSUS_CODERE_STYLE;1,0930;cierre consensus -> mu-0.53, linea centrada, margen 1.0937
202604057489FAFF;30;2026-04-05T14:15:00Z;completed;Valencia CF;Real Club Celta de Vigo;Team Total Fouls;local;14,5;2,00;1,68;CONSENSUS_CODERE_STYLE;1,0952;cierre consensus -> mu-0.19, linea centrada, margen 1.0942
202604057489FAFF;30;2026-04-05T14:15:00Z;completed;Valencia CF;Real Club Celta de Vigo;Team Total Fouls;visitante;12,5;1,90;1,76;CONSENSUS_CODERE_STYLE;1,0945;cierre consensus -> mu-0.19, linea centrada, margen 1.0958
202604057C0F21E0;30;2026-04-05T16:30:00Z;completed;Real Oviedo;Sevilla FC;Total Fouls;;24,5;1,91;1,76;CONSENSUS_CODERE_STYLE;1,0917;cierre consensus -> mu-0.53, linea centrada, margen 1.0937
202604057C0F21E0;30;2026-04-05T16:30:00Z;completed;Real Oviedo;Sevilla FC;Team Total Fouls;local;11,5;1,70;;CODERE;;captura 
202604057C0F21E0;30;2026-04-05T16:30:00Z;completed;Real Oviedo;Sevilla FC;Team Total Fouls;visitante;13,5;1,89;1,76;CONSENSUS_CODERE_STYLE;1,0973;cierre consensus -> mu-0.19, linea centrada, margen 1.0958
2026040499900F11;30;2026-04-05T19:00:00Z;completed;Deportivo Alavés;CA Osasuna;Total Fouls;;27,5;1,86;1,80;CONSENSUS_CODERE_STYLE;1,0932;cierre consensus -> mu-0.53, linea centrada, margen 1.0937
2026040499900F11;30;2026-04-05T19:00:00Z;completed;Deportivo Alavés;CA Osasuna;Team Total Fouls;local;14,5;1,94;1,73;CONSENSUS_CODERE_STYLE;1,0935;cierre consensus -> mu-0.19, linea centrada, margen 1.0942
2026040499900F11;30;2026-04-05T19:00:00Z;completed;Deportivo Alavés;CA Osasuna;Team Total Fouls;visitante;13,5;1,91;1,74;CONSENSUS_CODERE_STYLE;1,0983;cierre consensus -> mu-0.19, linea centrada, margen 1.0958
20260406632FD159;30;2026-04-06T19:00:00Z;completed;Girona FC;Villarreal CF;Total Fouls;;23,5;1,78;1,88;CONSENSUS_CODERE_STYLE;1,0937;cierre consensus -> mu-0.53, linea centrada, margen 1.0937
20260406632FD159;30;2026-04-06T19:00:00Z;completed;Girona FC;Villarreal CF;Team Total Fouls;local;11,5;1,96;1,71;CONSENSUS_CODERE_STYLE;1,0950;cierre consensus -> mu-0.19, linea centrada, margen 1.0942
20260406632FD159;30;2026-04-06T19:00:00Z;completed;Girona FC;Villarreal CF;Team Total Fouls;visitante;12,5;1,90;1,75;CONSENSUS_CODERE_STYLE;1,0977;cierre consensus -> mu-0.19, linea centrada, margen 1.0958
20260410B1545B95;31;2026-04-10T19:00:00Z;completed;Real Madrid CF;Girona FC;Total Fouls;;20,5;1,86;1,80;CONSENSUS_CODERE_STYLE;1,0932;cierre consensus -> mu-0.53, linea centrada, margen 1.0937
20260410B1545B95;31;2026-04-10T19:00:00Z;completed;Real Madrid CF;Girona FC;Team Total Fouls;local;10,5;1,98;1,70;CONSENSUS_CODERE_STYLE;1,0933;cierre consensus -> mu-0.19, linea centrada, margen 1.0942
20260410B1545B95;31;2026-04-10T19:00:00Z;completed;Real Madrid CF;Girona FC;Team Total Fouls;visitante;12,5;1,88;1,78;CONSENSUS_CODERE_STYLE;1,0937;cierre consensus -> mu-0.19, linea centrada, margen 1.0958
202604116CB74173;31;2026-04-11T12:00:00Z;completed;Real Sociedad de Fútbol;Deportivo Alavés;Total Fouls;;26,5;1,90;1,76;CONSENSUS_CODERE_STYLE;1,0945;cierre consensus -> mu-0.53, linea centrada, margen 1.0937
202604116CB74173;31;2026-04-11T12:00:00Z;completed;Real Sociedad de Fútbol;Deportivo Alavés;Team Total Fouls;local;12,5;1,86;1,79;CONSENSUS_CODERE_STYLE;1,0963;cierre consensus -> mu-0.19, linea centrada, margen 1.0942
202604116CB74173;31;2026-04-11T12:00:00Z;completed;Real Sociedad de Fútbol;Deportivo Alavés;Team Total Fouls;visitante;15,5;1,81;1,84;CONSENSUS_CODERE_STYLE;1,0960;cierre consensus -> mu-0.19, linea centrada, margen 1.0958
20260411154EF041;31;2026-04-11T14:15:00Z;completed;Elche CF;Valencia CF;Total Fouls;;24,5;1,76;1,90;CONSENSUS_CODERE_STYLE;1,0945;cierre consensus -> mu-0.53, linea centrada, margen 1.0937
20260411154EF041;31;2026-04-11T14:15:00Z;completed;Elche CF;Valencia CF;Team Total Fouls;local;11,5;1,77;1,89;CONSENSUS_CODERE_STYLE;1,0941;cierre consensus -> mu-0.19, linea centrada, margen 1.0942
20260411154EF041;31;2026-04-11T14:15:00Z;completed;Elche CF;Valencia CF;Team Total Fouls;visitante;13,5;1,90;1,75;CONSENSUS_CODERE_STYLE;1,0977;cierre consensus -> mu-0.19, linea centrada, margen 1.0958
202604118802BDA1;31;2026-04-11T16:30:00Z;completed;FC Barcelona;Reial Club Deportiu Espanyol;Total Fouls;;22,5;1,75;;CODERE;;captura 
202604118802BDA1;31;2026-04-11T16:30:00Z;completed;FC Barcelona;Reial Club Deportiu Espanyol;Team Total Fouls;local;10,5;1,98;1,69;CONSENSUS_CODERE_STYLE;1,0968;cierre consensus -> mu-0.19, linea centrada, margen 1.0942
202604118802BDA1;31;2026-04-11T16:30:00Z;completed;FC Barcelona;Reial Club Deportiu Espanyol;Team Total Fouls;visitante;13,5;1,94;1,72;CONSENSUS_CODERE_STYLE;1,0969;cierre consensus -> mu-0.19, linea centrada, margen 1.0958
20260411B719F98A;31;2026-04-11T19:00:00Z;completed;Sevilla FC;Club Atlético de Madrid;Total Fouls;;23,5;1,79;1,87;CONSENSUS_CODERE_STYLE;1,0934;cierre consensus -> mu-0.53, linea centrada, margen 1.0937
20260411B719F98A;31;2026-04-11T19:00:00Z;completed;Sevilla FC;Club Atlético de Madrid;Team Total Fouls;local;12,5;1,91;1,76;CONSENSUS_CODERE_STYLE;1,0917;cierre consensus -> mu-0.19, linea centrada, margen 1.0942
20260411B719F98A;31;2026-04-11T19:00:00Z;completed;Sevilla FC;Club Atlético de Madrid;Team Total Fouls;visitante;10,5;1,70;;CODERE;;captura 
2026041205EE0CF2;31;2026-04-12T12:00:00Z;completed;CA Osasuna;Real Betis Balompié;Total Fouls;;24,5;1,90;1,77;CONSENSUS_CODERE_STYLE;1,0913;cierre consensus -> mu-0.53, linea centrada, margen 1.0937
2026041205EE0CF2;31;2026-04-12T12:00:00Z;completed;CA Osasuna;Real Betis Balompié;Team Total Fouls;local;14,5;1,90;;CODERE;;captura 
2026041205EE0CF2;31;2026-04-12T12:00:00Z;completed;CA Osasuna;Real Betis Balompié;Team Total Fouls;visitante;10,5;1,93;1,73;CONSENSUS_CODERE_STYLE;1,0962;cierre consensus -> mu-0.19, linea centrada, margen 1.0958
202604123E988A5E;31;2026-04-12T14:15:00Z;completed;Real Club Deportivo Mallorca;Rayo Vallecano;Total Fouls;;25,5;1,88;1,78;CONSENSUS_CODERE_STYLE;1,0937;cierre consensus -> mu-0.53, linea centrada, margen 1.0937
202604123E988A5E;31;2026-04-12T14:15:00Z;completed;Real Club Deportivo Mallorca;Rayo Vallecano;Team Total Fouls;local;14,5;2,04;1,66;CONSENSUS_CODERE_STYLE;1,0926;cierre consensus -> mu-0.19, linea centrada, margen 1.0942
202604123E988A5E;31;2026-04-12T14:15:00Z;completed;Real Club Deportivo Mallorca;Rayo Vallecano;Team Total Fouls;visitante;12,5;1,74;1,92;CONSENSUS_CODERE_STYLE;1,0955;cierre consensus -> mu-0.19, linea centrada, margen 1.0958
2026041288CF5958;31;2026-04-12T16:30:00Z;completed;Real Club Celta de Vigo;Real Oviedo;Total Fouls;;22,5;1,76;1,90;CONSENSUS_CODERE_STYLE;1,0945;cierre consensus -> mu-0.53, linea centrada, margen 1.0937
2026041288CF5958;31;2026-04-12T16:30:00Z;completed;Real Club Celta de Vigo;Real Oviedo;Team Total Fouls;local;11,5;1,90;1,76;CONSENSUS_CODERE_STYLE;1,0945;cierre consensus -> mu-0.19, linea centrada, margen 1.0942
2026041288CF5958;31;2026-04-12T16:30:00Z;completed;Real Club Celta de Vigo;Real Oviedo;Team Total Fouls;visitante;12,5;1,97;1,70;CONSENSUS_CODERE_STYLE;1,0958;cierre consensus -> mu-0.19, linea centrada, margen 1.0958
2026041277447EF9;31;2026-04-12T19:00:00Z;completed;Athletic Club Bilbao;Villarreal CF;Total Fouls;;24,5;1,76;1,91;CONSENSUS_CODERE_STYLE;1,0917;cierre consensus -> mu-0.53, linea centrada, margen 1.0937
2026041277447EF9;31;2026-04-12T19:00:00Z;completed;Athletic Club Bilbao;Villarreal CF;Team Total Fouls;local;12,5;1,88;;CODERE;;captura 
2026041277447EF9;31;2026-04-12T19:00:00Z;completed;Athletic Club Bilbao;Villarreal CF;Team Total Fouls;visitante;12,5;1,94;1,72;CONSENSUS_CODERE_STYLE;1,0969;cierre consensus -> mu-0.19, linea centrada, margen 1.0958
20260413DC409BD0;31;2026-04-13T19:00:00Z;completed;Levante UD;Getafe CF;Total Fouls;;27,5;1,75;1,92;CONSENSUS_CODERE_STYLE;1,0923;cierre consensus -> mu-0.53, linea centrada, margen 1.0937
20260413DC409BD0;31;2026-04-13T19:00:00Z;completed;Levante UD;Getafe CF;Team Total Fouls;local;13,5;1,81;1,85;CONSENSUS_CODERE_STYLE;1,0930;cierre consensus -> mu-0.19, linea centrada, margen 1.0942
20260413DC409BD0;31;2026-04-13T19:00:00Z;completed;Levante UD;Getafe CF;Team Total Fouls;visitante;14,5;2,02;1,67;CONSENSUS_CODERE_STYLE;1,0939;cierre consensus -> mu-0.19, linea centrada, margen 1.0958
202604212C85C7FE;33;2026-04-21T17:00:00Z;completed;Athletic Club Bilbao;CA Osasuna;Total Fouls;;25,5;1,79;1,87;CONSENSUS_CODERE_STYLE;1,0934;cierre consensus -> mu-0.53, linea centrada, margen 1.0937
202604212C85C7FE;33;2026-04-21T17:00:00Z;completed;Athletic Club Bilbao;CA Osasuna;Team Total Fouls;local;13,5;;1,88;CODERE;;captura 
202604212C85C7FE;33;2026-04-21T17:00:00Z;completed;Athletic Club Bilbao;CA Osasuna;Team Total Fouls;visitante;12,5;;1,88;CODERE;;captura 
20260421965ED3C4;33;2026-04-21T17:00:00Z;completed;Real Club Deportivo Mallorca;Valencia CF;Total Fouls;;24,5;1,92;1,74;CONSENSUS_CODERE_STYLE;1,0955;cierre consensus -> mu-0.53, linea centrada, margen 1.0937
20260421965ED3C4;33;2026-04-21T17:00:00Z;completed;Real Club Deportivo Mallorca;Valencia CF;Team Total Fouls;local;12,5;1,98;1,70;CONSENSUS_CODERE_STYLE;1,0933;cierre consensus -> mu-0.19, linea centrada, margen 1.0942
20260421965ED3C4;33;2026-04-21T17:00:00Z;completed;Real Club Deportivo Mallorca;Valencia CF;Team Total Fouls;visitante;12,5;1,96;1,71;CONSENSUS_CODERE_STYLE;1,0950;cierre consensus -> mu-0.19, linea centrada, margen 1.0958
20260421A69BBCF8;33;2026-04-21T19:30:00Z;completed;Girona FC;Real Betis Balompié;Total Fouls;;23,5;1,72;;CODERE;;captura 
20260421A69BBCF8;33;2026-04-21T19:30:00Z;completed;Girona FC;Real Betis Balompié;Team Total Fouls;local;12,5;1,91;1,75;CONSENSUS_CODERE_STYLE;1,0950;cierre consensus -> mu-0.19, linea centrada, margen 1.0942
20260421A69BBCF8;33;2026-04-21T19:30:00Z;completed;Girona FC;Real Betis Balompié;Team Total Fouls;visitante;12,5;2,00;1,68;CONSENSUS_CODERE_STYLE;1,0952;cierre consensus -> mu-0.19, linea centrada, margen 1.0958
20260421D7FDC5CA;33;2026-04-21T19:30:00Z;completed;Real Madrid CF;Deportivo Alavés;Total Fouls;;24,5;1,78;1,88;CONSENSUS_CODERE_STYLE;1,0937;cierre consensus -> mu-0.53, linea centrada, margen 1.0937
20260421D7FDC5CA;33;2026-04-21T19:30:00Z;completed;Real Madrid CF;Deportivo Alavés;Team Total Fouls;local;11,5;1,98;1,70;CONSENSUS_CODERE_STYLE;1,0933;cierre consensus -> mu-0.19, linea centrada, margen 1.0942
20260421D7FDC5CA;33;2026-04-21T19:30:00Z;completed;Real Madrid CF;Deportivo Alavés;Team Total Fouls;visitante;14,5;1,88;;CODERE;;captura 
20260422219A0301;33;2026-04-22T17:00:00Z;completed;Elche CF;Club Atlético de Madrid;Total Fouls;;23,5;1,76;1,90;CONSENSUS_CODERE_STYLE;1,0945;cierre consensus -> mu-0.53, linea centrada, margen 1.0937
20260422219A0301;33;2026-04-22T17:00:00Z;completed;Elche CF;Club Atlético de Madrid;Team Total Fouls;local;13,5;2,02;1,67;CONSENSUS_CODERE_STYLE;1,0939;cierre consensus -> mu-0.19, linea centrada, margen 1.0942
20260422219A0301;33;2026-04-22T17:00:00Z;completed;Elche CF;Club Atlético de Madrid;Team Total Fouls;visitante;14,5;1,84;1,81;CONSENSUS_CODERE_STYLE;1,0960;cierre consensus -> mu-0.19, linea centrada, margen 1.0958
20260422CF3A4932;33;2026-04-22T18:00:00Z;completed;Real Sociedad de Fútbol;Getafe CF;Total Fouls;;26,5;1,75;1,91;CONSENSUS_CODERE_STYLE;1,0950;cierre consensus -> mu-0.53, linea centrada, margen 1.0937
20260422CF3A4932;33;2026-04-22T18:00:00Z;completed;Real Sociedad de Fútbol;Getafe CF;Team Total Fouls;local;12,5;1,86;1,79;CONSENSUS_CODERE_STYLE;1,0963;cierre consensus -> mu-0.19, linea centrada, margen 1.0942
20260422CF3A4932;33;2026-04-22T18:00:00Z;completed;Real Sociedad de Fútbol;Getafe CF;Team Total Fouls;visitante;14,5;1,97;1,70;CONSENSUS_CODERE_STYLE;1,0958;cierre consensus -> mu-0.19, linea centrada, margen 1.0958
20260422FF21C040;33;2026-04-22T19:30:00Z;completed;FC Barcelona;Real Club Celta de Vigo;Total Fouls;;20,5;1,77;1,89;CONSENSUS_CODERE_STYLE;1,0941;cierre consensus -> mu-0.53, linea centrada, margen 1.0937
20260422FF21C040;33;2026-04-22T19:30:00Z;completed;FC Barcelona;Real Club Celta de Vigo;Team Total Fouls;local;9,5;1,95;1,72;CONSENSUS_CODERE_STYLE;1,0942;cierre consensus -> mu-0.19, linea centrada, margen 1.0942
20260422FF21C040;33;2026-04-22T19:30:00Z;completed;FC Barcelona;Real Club Celta de Vigo;Team Total Fouls;visitante;11,5;1,73;1,93;CONSENSUS_CODERE_STYLE;1,0962;cierre consensus -> mu-0.19, linea centrada, margen 1.0958
2026042349BAED25;33;2026-04-23T17:00:00Z;completed;Levante UD;Sevilla FC;Total Fouls;;28,5;1,87;1,79;CONSENSUS_CODERE_STYLE;1,0934;cierre consensus -> mu-0.53, linea centrada, margen 1.0937
2026042349BAED25;33;2026-04-23T17:00:00Z;completed;Levante UD;Sevilla FC;Team Total Fouls;local;15,5;2,03;1,66;CONSENSUS_CODERE_STYLE;1,0950;cierre consensus -> mu-0.19, linea centrada, margen 1.0942
2026042349BAED25;33;2026-04-23T17:00:00Z;completed;Levante UD;Sevilla FC;Team Total Fouls;visitante;16,5;1,80;1,85;CONSENSUS_CODERE_STYLE;1,0961;cierre consensus -> mu-0.19, linea centrada, margen 1.0958
20260423E22F11AA;33;2026-04-23T18:00:00Z;completed;Rayo Vallecano;Reial Club Deportiu Espanyol;Total Fouls;;25,5;1,90;1,76;CONSENSUS_CODERE_STYLE;1,0945;cierre consensus -> mu-0.53, linea centrada, margen 1.0937
20260423E22F11AA;33;2026-04-23T18:00:00Z;completed;Rayo Vallecano;Reial Club Deportiu Espanyol;Team Total Fouls;local;12,5;1,95;1,72;CONSENSUS_CODERE_STYLE;1,0942;cierre consensus -> mu-0.19, linea centrada, margen 1.0942
20260423E22F11AA;33;2026-04-23T18:00:00Z;completed;Rayo Vallecano;Reial Club Deportiu Espanyol;Team Total Fouls;visitante;12,5;1,78;1,87;CONSENSUS_CODERE_STYLE;1,0966;cierre consensus -> mu-0.19, linea centrada, margen 1.0958
20260423AC2F7B19;33;2026-04-23T19:30:00Z;completed;Real Oviedo;Villarreal CF;Total Fouls;;22,5;1,78;1,88;CONSENSUS_CODERE_STYLE;1,0937;cierre consensus -> mu-0.53, linea centrada, margen 1.0937
20260423AC2F7B19;33;2026-04-23T19:30:00Z;completed;Real Oviedo;Villarreal CF;Team Total Fouls;local;11,5;1,86;1,79;CONSENSUS_CODERE_STYLE;1,0963;cierre consensus -> mu-0.19, linea centrada, margen 1.0942
20260423AC2F7B19;33;2026-04-23T19:30:00Z;completed;Real Oviedo;Villarreal CF;Team Total Fouls;visitante;11,5;1,98;1,69;CONSENSUS_CODERE_STYLE;1,0968;cierre consensus -> mu-0.19, linea centrada, margen 1.0958
2026042455E25B86;32;2026-04-24T19:00:00Z;completed;Real Betis Balompié;Real Madrid CF;Total Fouls;;22,5;1,82;1,82;CODERE;1,0989;captura 
2026042455E25B86;32;2026-04-24T19:00:00Z;completed;Real Betis Balompié;Real Madrid CF;Team Total Fouls;local;11,5;1,70;1,95;CODERE;1,1011;captura 
2026042455E25B86;32;2026-04-24T19:00:00Z;completed;Real Betis Balompié;Real Madrid CF;Team Total Fouls;visitante;10,5;1,88;1,75;CODERE;1,1033;captura 
20260425A9B011F5;32;2026-04-25T12:00:00Z;completed;Deportivo Alavés;Real Club Deportivo Mallorca;Total Fouls;;26,5;1,90;;CODERE;;captura 
20260425A9B011F5;32;2026-04-25T12:00:00Z;completed;Deportivo Alavés;Real Club Deportivo Mallorca;Team Total Fouls;local;12,5;1,70;;CODERE;;captura 
20260425A9B011F5;32;2026-04-25T12:00:00Z;completed;Deportivo Alavés;Real Club Deportivo Mallorca;Team Total Fouls;visitante;12,5;1,93;1,73;CONSENSUS_CODERE_STYLE;1,0962;cierre consensus -> mu-0.19, linea centrada, margen 1.0958
202604251B044739;32;2026-04-25T14:15:00Z;completed;Getafe CF;FC Barcelona;Total Fouls;;23,5;1,75;1,91;CONSENSUS_CODERE_STYLE;1,0950;cierre consensus -> mu-0.53, linea centrada, margen 1.0937
202604251B044739;32;2026-04-25T14:15:00Z;completed;Getafe CF;FC Barcelona;Team Total Fouls;local;13,5;1,89;1,77;CONSENSUS_CODERE_STYLE;1,0941;cierre consensus -> mu-0.19, linea centrada, margen 1.0942
202604251B044739;32;2026-04-25T14:15:00Z;completed;Getafe CF;FC Barcelona;Team Total Fouls;visitante;10,5;1,88;;CODERE;;captura 
20260425CED012D3;32;2026-04-25T16:30:00Z;completed;Valencia CF;Girona FC;Total Fouls;;24,5;1,89;1,77;CONSENSUS_CODERE_STYLE;1,0941;cierre consensus -> mu-0.53, linea centrada, margen 1.0937
20260425CED012D3;32;2026-04-25T16:30:00Z;completed;Valencia CF;Girona FC;Team Total Fouls;local;13,5;;1,72;CODERE;;captura 
20260425CED012D3;32;2026-04-25T16:30:00Z;completed;Valencia CF;Girona FC;Team Total Fouls;visitante;14,5;1,93;1,73;CONSENSUS_CODERE_STYLE;1,0962;cierre consensus -> mu-0.19, linea centrada, margen 1.0958
202604250DB3ABC2;32;2026-04-25T19:00:00Z;completed;Club Atlético de Madrid;Athletic Club Bilbao;Total Fouls;;21,5;1,80;1,86;CONSENSUS_CODERE_STYLE;1,0932;cierre consensus -> mu-0.53, linea centrada, margen 1.0937
202604250DB3ABC2;32;2026-04-25T19:00:00Z;completed;Club Atlético de Madrid;Athletic Club Bilbao;Team Total Fouls;local;11,5;;1,70;CODERE;;captura 
202604250DB3ABC2;32;2026-04-25T19:00:00Z;completed;Club Atlético de Madrid;Athletic Club Bilbao;Team Total Fouls;visitante;12,5;1,95;1,71;CONSENSUS_CODERE_STYLE;1,0976;cierre consensus -> mu-0.19, linea centrada, margen 1.0958
20260426C016CA1A;32;2026-04-26T12:00:00Z;completed;Rayo Vallecano;Real Sociedad de Fútbol;Total Fouls;;25,5;1,93;1,74;CONSENSUS_CODERE_STYLE;1,0928;cierre consensus -> mu-0.53, linea centrada, margen 1.0937
20260426C016CA1A;32;2026-04-26T12:00:00Z;completed;Rayo Vallecano;Real Sociedad de Fútbol;Team Total Fouls;local;12,5;1,98;1,70;CONSENSUS_CODERE_STYLE;1,0933;cierre consensus -> mu-0.19, linea centrada, margen 1.0942
20260426C016CA1A;32;2026-04-26T12:00:00Z;completed;Rayo Vallecano;Real Sociedad de Fútbol;Team Total Fouls;visitante;13,5;;1,85;CODERE;;captura 
2026042657824904;32;2026-04-26T14:15:00Z;completed;Real Oviedo;Elche CF;Total Fouls;;26,5;1,78;1,88;CONSENSUS_CODERE_STYLE;1,0937;cierre consensus -> mu-0.53, linea centrada, margen 1.0937
2026042657824904;32;2026-04-26T14:15:00Z;completed;Real Oviedo;Elche CF;Team Total Fouls;local;14,5;1,81;1,85;CONSENSUS_CODERE_STYLE;1,0930;cierre consensus -> mu-0.19, linea centrada, margen 1.0942
2026042657824904;32;2026-04-26T14:15:00Z;completed;Real Oviedo;Elche CF;Team Total Fouls;visitante;13,5;;1,70;CODERE;;captura 
20260426187A1B14;32;2026-04-26T16:30:00Z;completed;CA Osasuna;Sevilla FC;Total Fouls;;26,5;;1,82;CODERE;;captura 
20260426187A1B14;32;2026-04-26T16:30:00Z;completed;CA Osasuna;Sevilla FC;Team Total Fouls;local;14,5;1,95;1,72;CONSENSUS_CODERE_STYLE;1,0942;cierre consensus -> mu-0.19, linea centrada, margen 1.0942
20260426187A1B14;32;2026-04-26T16:30:00Z;completed;CA Osasuna;Sevilla FC;Team Total Fouls;visitante;13,5;1,90;1,76;CONSENSUS_CODERE_STYLE;1,0945;cierre consensus -> mu-0.19, linea centrada, margen 1.0958
20260426FC5030FD;32;2026-04-26T19:00:00Z;completed;Villarreal CF;Real Club Celta de Vigo;Total Fouls;;23,5;1,83;1,83;CONSENSUS_CODERE_STYLE;1,0929;cierre consensus -> mu-0.53, linea centrada, margen 1.0937
20260426FC5030FD;32;2026-04-26T19:00:00Z;completed;Villarreal CF;Real Club Celta de Vigo;Team Total Fouls;local;11,5;1,99;1,69;CONSENSUS_CODERE_STYLE;1,0942;cierre consensus -> mu-0.19, linea centrada, margen 1.0942
20260426FC5030FD;32;2026-04-26T19:00:00Z;completed;Villarreal CF;Real Club Celta de Vigo;Team Total Fouls;visitante;12,5;2,02;1,67;CONSENSUS_CODERE_STYLE;1,0939;cierre consensus -> mu-0.19, linea centrada, margen 1.0958
20260427C8DDE046;32;2026-04-27T19:00:00Z;completed;Reial Club Deportiu Espanyol;Levante UD;Total Fouls;;27,5;1,72;1,90;CODERE;1,1077;captura 
20260427C8DDE046;32;2026-04-27T19:00:00Z;completed;Reial Club Deportiu Espanyol;Levante UD;Team Total Fouls;local;13,5;1,72;1,90;CODERE;1,1077;captura 
20260427C8DDE046;32;2026-04-27T19:00:00Z;completed;Reial Club Deportiu Espanyol;Levante UD;Team Total Fouls;visitante;13,5;;1,95;CODERE;;captura 
20260501D4ED7204;34;2026-05-01T19:00:00Z;completed;Girona FC;Real Club Deportivo Mallorca;Total Fouls;;23,5;1,78;1,87;CODERE;1,0966;captura 
20260501D4ED7204;34;2026-05-01T19:00:00Z;completed;Girona FC;Real Club Deportivo Mallorca;Team Total Fouls;local;10,5;1,84;1,81;CODERE;1,0960;captura 
20260501D4ED7204;34;2026-05-01T19:00:00Z;completed;Girona FC;Real Club Deportivo Mallorca;Team Total Fouls;visitante;12,5;1,71;1,96;CODERE;1,0950;captura 
20260502071D7EA8;34;2026-05-02T12:00:00Z;completed;Villarreal CF;Levante UD;Total Fouls;;25,5;1,72;1,90;CODERE;1,1077;captura 
20260502071D7EA8;34;2026-05-02T12:00:00Z;completed;Villarreal CF;Levante UD;Team Total Fouls;local;12,5;1,90;1,72;CODERE;1,1077;captura 
20260502071D7EA8;34;2026-05-02T12:00:00Z;completed;Villarreal CF;Levante UD;Team Total Fouls;visitante;13,5;1,88;1,75;CODERE;1,1033;captura 
20260502313DFF53;34;2026-05-02T14:15:00Z;completed;Valencia CF;Club Atlético de Madrid;Total Fouls;;23,5;1,91;1,76;CONSENSUS_CODERE_STYLE;1,0917;cierre consensus -> mu-0.53, linea centrada, margen 1.0937
20260502313DFF53;34;2026-05-02T14:15:00Z;completed;Valencia CF;Club Atlético de Madrid;Team Total Fouls;local;11,5;1,94;1,73;CONSENSUS_CODERE_STYLE;1,0935;cierre consensus -> mu-0.19, linea centrada, margen 1.0942
20260502313DFF53;34;2026-05-02T14:15:00Z;completed;Valencia CF;Club Atlético de Madrid;Team Total Fouls;visitante;11,5;1,80;;CODERE;;captura 
202605026B428402;34;2026-05-02T16:30:00Z;completed;Deportivo Alavés;Athletic Club Bilbao;Total Fouls;;27,5;1,89;1,77;CONSENSUS_CODERE_STYLE;1,0941;cierre consensus -> mu-0.53, linea centrada, margen 1.0937
202605026B428402;34;2026-05-02T16:30:00Z;completed;Deportivo Alavés;Athletic Club Bilbao;Team Total Fouls;local;13,5;2,01;1,68;CONSENSUS_CODERE_STYLE;1,0928;cierre consensus -> mu-0.19, linea centrada, margen 1.0942
202605026B428402;34;2026-05-02T16:30:00Z;completed;Deportivo Alavés;Athletic Club Bilbao;Team Total Fouls;visitante;14,5;1,94;1,72;CONSENSUS_CODERE_STYLE;1,0969;cierre consensus -> mu-0.19, linea centrada, margen 1.0958
2026050232D0BB73;34;2026-05-02T19:00:00Z;completed;CA Osasuna;FC Barcelona;Total Fouls;;22,5;1,81;1,85;CONSENSUS_CODERE_STYLE;1,0930;cierre consensus -> mu-0.53, linea centrada, margen 1.0937
2026050232D0BB73;34;2026-05-02T19:00:00Z;completed;CA Osasuna;FC Barcelona;Team Total Fouls;local;15,5;2,04;1,66;CONSENSUS_CODERE_STYLE;1,0926;cierre consensus -> mu-0.19, linea centrada, margen 1.0942
2026050232D0BB73;34;2026-05-02T19:00:00Z;completed;CA Osasuna;FC Barcelona;Team Total Fouls;visitante;8,5;1,75;1,91;CONSENSUS_CODERE_STYLE;1,0950;cierre consensus -> mu-0.19, linea centrada, margen 1.0958
202605031189F519;34;2026-05-03T12:00:00Z;completed;Real Club Celta de Vigo;Elche CF;Total Fouls;;25,5;1,88;1,75;CODERE;1,1033;captura 
202605031189F519;34;2026-05-03T12:00:00Z;completed;Real Club Celta de Vigo;Elche CF;Team Total Fouls;local;12,5;1,88;1,75;CODERE;1,1033;captura 
202605031189F519;34;2026-05-03T12:00:00Z;completed;Real Club Celta de Vigo;Elche CF;Team Total Fouls;visitante;12,5;1,72;1,90;CODERE;1,1077;captura 
20260503E99F87CA;34;2026-05-03T14:15:00Z;completed;Getafe CF;Rayo Vallecano;Total Fouls;;26,5;1,89;1,81;CODERE;1,0816;captura 
20260503E99F87CA;34;2026-05-03T14:15:00Z;completed;Getafe CF;Rayo Vallecano;Team Total Fouls;local;13,5;2,02;1,71;CODERE;1,0798;captura 
20260503E99F87CA;34;2026-05-03T14:15:00Z;completed;Getafe CF;Rayo Vallecano;Team Total Fouls;visitante;13,5;2,02;1,70;CODERE;1,0833;captura 
20260503C109C30E;34;2026-05-03T16:30:00Z;completed;Real Betis Balompié;Real Oviedo;Total Fouls;;25,5;1,90;1,72;CODERE;1,1077;captura 
20260503C109C30E;34;2026-05-03T16:30:00Z;completed;Real Betis Balompié;Real Oviedo;Team Total Fouls;local;11,5;1,75;1,88;CODERE;1,1033;captura 
20260503C109C30E;34;2026-05-03T16:30:00Z;completed;Real Betis Balompié;Real Oviedo;Team Total Fouls;visitante;13,5;1,90;1,72;CODERE;1,1077;captura 
20260503F65060A2;34;2026-05-03T19:00:00Z;completed;Reial Club Deportiu Espanyol;Real Madrid CF;Total Fouls;;24,5;1,85;1,77;CODERE;1,1055;captura 
20260503F65060A2;34;2026-05-03T19:00:00Z;completed;Reial Club Deportiu Espanyol;Real Madrid CF;Team Total Fouls;local;13,5;1,85;1,78;CODERE;1,1023;captura 
20260503F65060A2;34;2026-05-03T19:00:00Z;completed;Reial Club Deportiu Espanyol;Real Madrid CF;Team Total Fouls;visitante;10,5;1,76;1,87;CODERE;1,1029;captura 
20260504991C8AE1;34;2026-05-04T19:00:00Z;completed;Sevilla FC;Real Sociedad de Fútbol;Total Fouls;;26,5;1,95;1,70;CODERE;1,1011;captura 
20260504991C8AE1;34;2026-05-04T19:00:00Z;completed;Sevilla FC;Real Sociedad de Fútbol;Team Total Fouls;local;11,5;1,67;2,00;CODERE;1,0988;captura 
20260504991C8AE1;34;2026-05-04T19:00:00Z;completed;Sevilla FC;Real Sociedad de Fútbol;Team Total Fouls;visitante;12,5;1,88;1,75;CODERE;1,1033;captura 
;37;2026-05-14;completed;Girona FC;Real Sociedad de Fútbol;Total Fouls;;25,5;1,82;;CODERE;;captura 
20260514BE6798C7;36;2026-05-14T18:00:00Z;completed;Girona FC;Real Sociedad de Fútbol;Total Fouls;;25,5;1,85;1,85;CODERE;1,0811;captura 2026-05-14T17:36:21Z
20260514BE6798C7;36;2026-05-14T18:00:00Z;completed;Girona FC;Real Sociedad de Fútbol;Team Total Fouls;local;11,5;1,95;1,75;CODERE;1,0842;captura 2026-05-14T17:36:20Z
20260514BE6798C7;36;2026-05-14T18:00:00Z;completed;Girona FC;Real Sociedad de Fútbol;Team Total Fouls;visitante;14,5;2,00;1,72;CODERE;1,0814;captura 2026-05-14T17:36:21Z
;38;2026-05-17;completed;Elche CF;Getafe CF;Team Total Fouls;local;12,5;1,90;;CODERE;;captura 
;38;2026-05-17;completed;Rayo Vallecano;Villarreal CF;Team Total Fouls;visitante;11,5;;1,88;CODERE;;captura 
2026051712C6869F;37;2026-05-17T17:00:00Z;completed;Real Oviedo;Deportivo Alavés;Total Fouls;;27,5;1,82;1,82;CODERE;1,0989;captura 2026-05-17T10:48:34Z
2026051712C6869F;37;2026-05-17T17:00:00Z;completed;Real Oviedo;Deportivo Alavés;Team Total Fouls;local;14,5;2,00;1,67;CODERE;1,0988;captura 2026-05-17T10:48:36Z
2026051712C6869F;37;2026-05-17T17:00:00Z;completed;Real Oviedo;Deportivo Alavés;Team Total Fouls;visitante;13,5;1,90;1,72;CODERE;1,1077;captura 2026-05-17T10:48:34Z
2026051715C23389;37;2026-05-17T17:00:00Z;completed;Elche CF;Getafe CF;Total Fouls;;29,5;1,95;1,75;CODERE;1,0842;captura 2026-05-17T16:37:40Z
2026051715C23389;37;2026-05-17T17:00:00Z;completed;Elche CF;Getafe CF;Team Total Fouls;local;12,5;2,00;1,72;CODERE;1,0814;captura 2026-05-17T15:18:12Z
2026051715C23389;37;2026-05-17T17:00:00Z;completed;Elche CF;Getafe CF;Team Total Fouls;visitante;17,5;1,95;1,75;CODERE;1,0842;captura 2026-05-17T17:33:35Z
202605172C0FD2F1;37;2026-05-17T17:00:00Z;completed;Rayo Vallecano;Villarreal CF;Total Fouls;;24,5;1,88;1,75;CODERE;1,1033;captura 2026-05-17T07:04:24Z
202605172C0FD2F1;37;2026-05-17T17:00:00Z;completed;Rayo Vallecano;Villarreal CF;Team Total Fouls;local;12,5;1,85;1,80;CODERE;1,0961;captura 2026-05-17T07:04:25Z
202605172C0FD2F1;37;2026-05-17T17:00:00Z;completed;Rayo Vallecano;Villarreal CF;Team Total Fouls;visitante;11,5;1,75;1,88;CODERE;1,1033;captura 2026-05-17T07:04:25Z
202605174AAB9FBB;37;2026-05-17T17:00:00Z;completed;Levante UD;Real Club Deportivo Mallorca;Total Fouls;;31,5;1,95;1,75;CODERE;1,0842;captura 2026-05-17T16:00:06Z
202605174AAB9FBB;37;2026-05-17T17:00:00Z;completed;Levante UD;Real Club Deportivo Mallorca;Team Total Fouls;local;14,5;2,00;1,72;CODERE;1,0814;captura 2026-05-17T13:38:22Z
202605174AAB9FBB;37;2026-05-17T17:00:00Z;completed;Levante UD;Real Club Deportivo Mallorca;Team Total Fouls;visitante;16,5;1,95;1,75;CODERE;1,0842;captura 2026-05-17T16:00:05Z
